Name,Conference,Division,State,Website
Abilene Christian University,United Athletic Conference,I-FCS,TX,"www.acu.edu
www.acusports.com"
Adams State University,Rocky Mountain Athletic Conference,II,CO,"www.adams.edu
www.asugrizzlies.com"
Adelphi University,Northeast 10 Conference,II,NY,"www.adelphi.edu
www.aupanthers.com"
Adrian College,Michigan Intercollegiate Athletic Association,III,MI,"www.adrian.edu
www.adrianbulldogs.com"
Agnes Scott College,Collegiate Conference of the South,III,GA,"www.agnesscott.edu
www.ascscotties.com"
Alabama A&M University,Southwestern Athletic Conf.,I-FCS,AL,"www.aamu.edu
www.aamusports.com"
Alabama State University,Southwestern Athletic Conf.,I-FCS,AL,"www.alasu.edu
www.bamastatesports.com"
Albany State University (Georgia),Southern Intercol. Ath. Conf.,II,GA,"www.asurams.edu
www.asugoldenrams.com"
Albertus Magnus College,Great Northeast Athletic Conference,III,CT,"www.albertus.edu
www.albertusfalcons.com"
Albion College,Michigan Intercollegiate Athletic Association,III,MI,"www.albion.edu
www.gobrits.com"
Albright College,Middle Atlantic Conferences,III,PA,"www.albright.edu
www.albrightathletics.com"
Alcorn State University,Southwestern Athletic Conf.,I-FCS,MS,"www.alcorn.edu
www.alcornsports.com"
Alfred State College,State University of New York Athletic Conference,III,NY,"www.alfredstate.edu
www.alfredstateathletics.com"
Alfred University,Empire 8,III,NY,"www.alfred.edu
www.gosaxons.com"
Allegheny College,Presidents' Athletic Conference,III,PA,"www.allegheny.edu
www.alleghenygators.com"
Allen University,Southern Intercol. Ath. Conf.,II,SC,"allenuniversity.edu
auyellowjackets.com"
Alma College,Michigan Intercollegiate Athletic Association,III,MI,"www.alma.edu
www.almascots.com"
Alvernia University,Middle Atlantic Conferences,III,PA,"www.alvernia.edu
athletics.alvernia.edu"
Alverno College,Coast-To-Coast Athletic Conference,III,WI,"www.alverno.edu
athletics.alverno.edu/"
American International College,Northeast 10 Conference,II,MA,"aic.edu
aicyellowjackets.com"
American University,Patriot League,I,DC,"american.edu
www.aueagles.com"
Amherst College,New England Small College Athletic Conference,III,MA,"www.amherst.edu
athletics.amherst.edu/landing/index"
Anderson University (Indiana),Heartland Collegiate Athletic Conference,III,IN,"www.anderson.edu
athletics.anderson.edu"
Anderson University (South Carolina),South Atlantic Conference,II,SC,"www.andersonuniversity.edu
www.autrojans.com"
Angelo State University,Lone Star Conference,II,TX,"www.angelo.edu
www.angelosports.com"
Appalachian State University,Sun Belt Conference,I-FBS,NC,"www.appstate.edu
appstatesports.com"
Arcadia University,Middle Atlantic Conferences,III,PA,"www.arcadia.edu
www.arcadiaknights.com/"
Arizona State University,Big 12 Conference,I-FBS,AZ,"asu.edu
sundevils.com"
Arkansas State University,Sun Belt Conference,I-FBS,AR,"www.astate.edu
www.astateredwolves.com"
Arkansas Tech University,Great American Conference,II,AR,"www.atu.edu
www.arkansastechsports.com/"
Asbury University,Collegiate Conference of the South,III,KY,"www.asbury.edu
www.asburyeagles.com"
Ashland University,Great Midwest Athletic Conference,II,OH,"www.ashland.edu
www.goashlandeagles.com"
Assumption University,Northeast 10 Conference,II,MA,"www.assumption.edu
www.assumptiongreyhounds.com"
Auburn University,Southeastern Conference,I-FBS,AL,"www.auburn.edu
www.auburntigers.com"
Auburn University at Montgomery,Gulf South Conference,II,AL,"www.aum.edu
www.aumathletics.com"
Augsburg University,Minnesota Intercollegiate Athletic Conference,III,MN,"www.augsburg.edu
athletics.augsburg.edu"
Augusta University,Peach Belt Conference,II,GA,"www.augusta.edu
www.augustajags.com"
Augustana College (Illinois),College Conference of Illinois & Wisconsin,III,IL,"www.augustana.edu
www.athletics.augustana.edu/"
Augustana University (South Dakota),Northern Sun Intercollegiate Conference,II,SD,"www.augie.edu
www.goaugie.com"
Aurora University,Northern Athletics Collegiate Conference,III,IL,"www.aurora.edu
athletics.aurora.edu"
Austin College,Southern Collegiate Athletic Conference,III,TX,"www.austincollege.edu
www.acroos.com"
Austin Peay State University,United Athletic Conference,I-FCS,TN,"www.apsu.edu
www.letsgopeay.com"
Averett University,Old Dominion Athletic Conf.,III,VA,"www.averett.edu
www.averettcougars.com"
Azusa Pacific University,Pacific West Conference,II,CA,"www.apu.edu
athletics.apu.edu"
Babson College,New England Women's and Men's Athletic Conference,III,MA,"www.babson.edu
www.babsonathletics.com"
Baldwin Wallace University,Ohio Athletic Conference,III,OH,"www.bw.edu
www.bwyellowjackets.com/landing/index"
Ball State University,Mid-American Conference,I-FBS,IN,"www.bsu.edu
www.ballstatesports.com"
Bard College,Liberty League,III,NY,"www.bard.edu
www.bardathletics.com"
Barry University,Sunshine State Conference,II,FL,"www.barry.edu
Www.GoBarryBucs.com"
Barton College,Conference Carolinas,II,NC,"www.barton.edu
www.bartonbulldogs.com"
Baruch College,City University of New York Athletic Conference,III,NY,"www.baruch.cuny.edu
www.baruchathletics.com"
Bates College,New England Small College Athletic Conference,III,ME,"www.bates.edu
www.gobatesbobcats.com"
Batten University,Old Dominion Athletic Conf.,III,VA,"vwu.edu
vwuathletics.com"
Baylor University,Big 12 Conference,I-FBS,TX,"www.baylor.edu
www.baylorbears.com"
Belhaven University,Collegiate Conference of the South,III,MS,"www.belhaven.edu
blazers.belhaven.edu"
Bellarmine University,Atlantic Sun Conference,I,KY,"www.bellarmine.edu
athletics.bellarmine.edu"
Belmont Abbey College,Conference Carolinas,II,NC,"www.bac.edu
www.abbeyathletics.com"
Belmont University,Missouri Valley Conference,I,TN,"www.belmont.edu
www.belmontbruins.com"
Beloit College,Midwest Conference,III,WI,"www.beloit.edu
www.beloit.edu/bucs/"
Bemidji State University,Northern Sun Intercollegiate Conference,II,MN,"www.bemidjistate.edu/
www.bsubeavers.com/"
Benedict College,Southern Intercol. Ath. Conf.,II,SC,"www.benedict.edu
benedicttigers.com"
Benedictine University (Illinois),Northern Athletics Collegiate Conference,III,IL,"www.ben.edu
www.benueagles.com"
Bentley University,Northeast 10 Conference,II,MA,"www.bentley.edu
www.bentley.edu/athletics"
Berea College,Heartland Collegiate Athletic Conference,III,KY,"www.berea.edu
www.bereaathletics.com"
Berry College,Southern Athletic Association,III,GA,"www.berry.edu
www.berryvikings.com"
Bethany College (West Virginia),Presidents' Athletic Conference,III,WV,"www.bethanywv.edu
bethanybison.com"
Bethany Lutheran College,Upper Midwest Athletic Conference,III,MN,"www.blc.edu
www.blcvikings.com"
Bethel University (Minnesota),Minnesota Intercollegiate Athletic Conference,III,MN,"www.bethel.edu
athletics.bethel.edu/"
Bethune-Cookman University,Southwestern Athletic Conf.,I-FCS,FL,"www.cookman.edu
www.bcuathletics.com"
Binghamton University,America East Conference,I,NY,"www.binghamton.edu
www.bubearcats.com"
Biola University,Pacific West Conference,II,CA,"www.biola.edu
athletics.biola.edu"
Black Hills State University,Rocky Mountain Athletic Conference,II,SD,"www.bhsu.edu
bhsuathletics.com"
Blackburn College,St. Louis Intercollegiate Athletic Conference,III,IL,"www.blackburn.edu
blackburnbeavers.com"
Bloomsburg University of Pennsylvania,Pennsylvania State Athletic Conference,II,PA,"www.commonwealthu.edu
www.bloomsburgathletics.com"
Bluefield State University,Central Intercollegiate Athletic Association,II,WV,"bluefieldstate.edu
gobstate.com"
Bluffton University,Heartland Collegiate Athletic Conference,III,OH,"www.bluffton.edu
www.blufftonbeavers.com"
Boise State University,Pac-12 Conference,I-FBS,ID,"www.boisestate.edu
www.broncosports.com"
Boston College,Atlantic Coast Conference,I-FBS,MA,"www.bc.edu
www.bceagles.com"
Boston University,Patriot League,I,MA,"www.bu.edu
www.goterriers.com"
Bowdoin College,New England Small College Athletic Conference,III,ME,"www.bowdoin.edu
www.bowdoin.edu/athletics/"
Bowie State University,Central Intercollegiate Athletic Association,II,MD,"www.bowiestate.edu
www.bsubulldogs.com"
Bowling Green State University,Mid-American Conference,I-FBS,OH,"www.bgsu.edu
www.bgsufalcons.com"
Bradley University,Missouri Valley Conference,I,IL,"www.bradley.edu
www.bradleybraves.com"
Brandeis University,University Athletic Association,III,MA,"www.brandeis.edu
www.brandeisjudges.com"
Brevard College,USA South Athletic Conference,III,NC,"www.brevard.edu
www.bctornados.com"
Bridgewater College (Virginia),Old Dominion Athletic Conf.,III,VA,"www.bridgewater.edu
www.bridgewatereagles.com"
Bridgewater State University,Massachusetts State Collegiate Athletic Conference,III,MA,"www.bridgew.edu
www.bsubears.com"
Brigham Young University,Big 12 Conference,I-FBS,UT,"www.byu.edu
byucougars.com"
Brooklyn College,City University of New York Athletic Conference,III,NY,"www.brooklyn.cuny.edu
brooklyncollegeathletics.com"
Brown University,The Ivy League,I-FCS,RI,"www.brown.edu
www.brownbears.com"
Bryant University,America East Conference,I-FCS,RI,"www.bryant.edu
www.bryantbulldogs.com"
Bryn Mawr College,Centennial Conference,III,PA,"www.brynmawr.edu
www.brynmawr.edu/athletics/"
Bucknell University,Patriot League,I-FCS,PA,"bucknell.edu
bucknellbison.com"
Buena Vista University,American Rivers Conference,III,IA,"www.bvu.edu
www.bvuathletics.com"
"Buffalo State, State University of New York",State University of New York Athletic Conference,III,NY,"www.buffalostate.edu
www.buffalostateathletics.com"
Butler University,BIG EAST Conference,I-FCS,IN,"www.butler.edu
www.butlersports.com"
Cairn University,United East Conference,III,PA,"www.cairn.edu
www.cairnhighlanders.com"
Caldwell University,Central Atlantic Collegiate Conference,II,NJ,"www.caldwell.edu/
www.caldwellathletics.com"
California Baptist University,Big West Conference,I,CA,"www.calbaptist.edu
www.cbulancers.com"
California Institute of Technology,Southern California Intercollegiate Athletic Conf.,III,CA,"www.caltech.edu
www.gocaltech.com"
California Lutheran University,Southern California Intercollegiate Athletic Conf.,III,CA,"www.callutheran.edu
www.clusports.com"
California Polytechnic State University,Big West Conference,I-FCS,CA,"calpoly.edu
gopoly.com"
"California State Polytechnic University, Humboldt",California Collegiate Athletic Association,II,CA,"www.humboldt.edu
humboldtathletics.com"
"California State Polytechnic University, Pomona",California Collegiate Athletic Association,II,CA,"www.cpp.edu
www.broncoathletics.com"
"California State University, Bakersfield",Big West Conference,I,CA,"www.csub.edu
www.gorunners.com"
"California State University, Chico",California Collegiate Athletic Association,II,CA,"www.csuchico.edu
www.chicowildcats.com"
"California State University, Dominguez Hills",California Collegiate Athletic Association,II,CA,"www.csudh.edu
www.gotoros.com"
"California State University, East Bay",California Collegiate Athletic Association,II,CA,"www.csueastbay.edu
www.eastbaypioneers.com"
"California State University, Fresno",Pac-12 Conference,I-FBS,CA,"www.fresnostate.edu
www.gobulldogs.com"
"California State University, Fullerton",Big West Conference,I,CA,"www.fullerton.edu
www.fullertontitans.com"
"California State University, Los Angeles",California Collegiate Athletic Association,II,CA,"www.calstatela.edu
www.lagoldeneagles.com"
"California State University, Monterey Bay",California Collegiate Athletic Association,II,CA,"www.csumb.edu
www.otterathletics.com"
"California State University, Northridge",Big West Conference,I,CA,"www.csun.edu
www.GoMatadors.com"
"California State University, Sacramento",Big West Conference,I-FCS,CA,"www.csus.edu
www.hornetsports.com"
"California State University, San Bernardino",California Collegiate Athletic Association,II,CA,"www.csusb.edu
www.csusbathletics.com"
"California State University, San Marcos",California Collegiate Athletic Association,II,CA,"www.csusm.edu
csusmcougars.com"
"California State University, Stanislaus",California Collegiate Athletic Association,II,CA,"www.csustan.edu
www.warriorathletics.com"
Calvin University,Michigan Intercollegiate Athletic Association,III,MI,"www.calvin.edu
calvinknights.com"
Cameron University,Lone Star Conference,II,OK,"www.cameron.edu
cameronaggies.com"
Campbell University,Coastal Athletic Association,I-FCS,NC,"www.campbell.edu
www.gocamels.com"
Canisius University,Metro Conference,I,NY,"www.canisius.edu
www.gogriffs.com"
Capital University,Ohio Athletic Conference,III,OH,"www.capital.edu
www.capital.edu/athletics"
Carleton College,Minnesota Intercollegiate Athletic Conference,III,MN,"www.carleton.edu
apps.carleton.edu/athletics/"
Carnegie Mellon University,University Athletic Association,III,PA,"www.cmu.edu/
athletics.cmu.edu"
Carroll University (Wisconsin),College Conference of Illinois & Wisconsin,III,WI,"www.carrollu.edu
www.gopios.com"
Carson-Newman University,South Atlantic Conference,II,TN,"www.cn.edu
cneagles.com"
Carthage College,College Conference of Illinois & Wisconsin,III,WI,"www.carthage.edu
athletics.carthage.edu"
Case Western Reserve University,University Athletic Association,III,OH,"www.case.edu
athletics.case.edu"
Catawba College,South Atlantic Conference,II,NC,"www.catawba.edu
www.catawbaathletics.com"
Catholic University,Landmark Conference,III,DC,"www.catholic.edu
www.catholicathletics.com/"
Cedar Crest College,United East Conference,III,PA,"www.cedarcrest.edu
www.cedarcrestathletics.com"
Cedarville University,Great Midwest Athletic Conference,II,OH,"www.cedarville.edu
www.yellowjackets.cedarville.edu"
Centenary College (Louisiana),Southern Collegiate Athletic Conference,III,LA,"www.centenary.edu
www.GoCentenary.com"
Centenary University (New Jersey),Atlantic East Conference,III,NJ,"www.centenaryuniversity.edu
www.centenarycyclones.com"
Central College (Iowa),American Rivers Conference,III,IA,"www.central.edu
www.central.edu/athletics"
Central Connecticut State University,Northeast Conference,I-FCS,CT,"www.ccsu.edu
www.ccsubluedevils.com"
Central Michigan University,Mid-American Conference,I-FBS,MI,"www.cmich.edu
www.cmuchippewas.com"
Central State University,Southern Intercol. Ath. Conf.,II,OH,"www.centralstate.edu
www.maraudersports.com"
Central Washington University,Great Northwest Athletic Conference,II,WA,"cwu.edu
wildcatsports.com"
Centre College,Southern Athletic Association,III,KY,"www.centre.edu
www.centrecolonels.com"
Chadron State College,Rocky Mountain Athletic Conference,II,NE,"www.csc.edu
www.chadroneagles.com"
Chaminade University,Pacific West Conference,II,HI,"www.chaminade.edu
goswords.com/"
Chapman University,Southern California Intercollegiate Athletic Conf.,III,CA,"www.chapman.edu
www.chapmanathletics.com"
Charleston Southern University,Big South Conference,I-FCS,SC,"https://www.charlestonsouthern.edu/
csusports.com/"
Chatham University,Presidents' Athletic Conference,III,PA,"www.chatham.edu
www.gochathamcougars.com"
Chestnut Hill College,Central Atlantic Collegiate Conference,II,PA,"www.chc.edu
www.griffinathletics.com"
Chicago State University,Northeast Conference,I-FCS,IL,"www.csu.edu
www.gocsucougars.com"
Chowan University,Conference Carolinas,II,NC,"www.chowan.edu
www.gocuhawks.com"
Christian Brothers University,Gulf South Conference,II,TN,"www.cbu.edu
www.cbubucs.com"
Christopher Newport University,Coast-To-Coast Athletic Conference,III,VA,"www.cnu.edu
CNUsports.com"
Claflin University,Central Intercollegiate Athletic Association,II,SC,"www.claflin.edu
athletics.claflin.edu"
Claremont McKenna-Harvey Mudd-Scripps Colleges,Southern California Intercollegiate Athletic Conf.,III,CA,"www.claremontmckenna.edu
www.cmsathletics.org"
Clark Atlanta University,Southern Intercol. Ath. Conf.,II,GA,"www.cau.edu
www.clarkatlantasports.com"
Clark University (Massachusetts),New England Women's and Men's Athletic Conference,III,MA,"www.clarku.edu
clarkathletics.com"
Clarkson University,Liberty League,III,NY,"www.clarkson.edu
www.clarksonathletics.com"
Clayton State University,Peach Belt Conference,II,GA,"www.clayton.edu
www.claytonstatesports.com"
Clemson University,Atlantic Coast Conference,I-FBS,SC,"clemson.edu
clemsontigers.com"
Cleveland State University,Horizon League,I,OH,"www.csuohio.edu
www.csuvikings.com"
Coastal Carolina University,Sun Belt Conference,I-FBS,SC,"www.coastal.edu
www.goccusports.com"
Coe College,American Rivers Conference,III,IA,"www.coe.edu
www.kohawkathletics.com"
Coker University,South Atlantic Conference,II,SC,"www.coker.edu
www.cokercobras.com/"
Colby College,New England Small College Athletic Conference,III,ME,"www.colby.edu
www.colby.edu/athletics"
Colby-Sawyer College,Great Northeast Athletic Conference,III,NH,"www.colby-sawyer.edu
www.colby-sawyerathletics.com/"
Colgate University,Patriot League,I-FCS,NY,"www.colgate.edu
gocolgateraiders.com"
College of Charleston (South Carolina),Coastal Athletic Association,I,SC,"www.cofc.edu
www.cofcsports.com"
College of Saint Benedict,Minnesota Intercollegiate Athletic Conference,III,MN,"www.csbsju.edu
www.gobennies.com"
College of Staten Island,East Coast Conference,II,NY,"www.csi.cuny.edu
www.csidolphins.com"
College of the Holy Cross,Patriot League,I-FCS,MA,"www.holycross.edu
goholycross.com/"
Colorado Christian University,Rocky Mountain Athletic Conference,II,CO,"www.ccu.edu
www.ccucougars.com"
Colorado College,Southern Collegiate Athletic Conference,III,CO,"www.coloradocollege.edu/
www.cctigers.com"
Colorado Mesa University,Rocky Mountain Athletic Conference,II,CO,"coloradomesa.edu
cmumavericks.com"
Colorado School of Mines,Rocky Mountain Athletic Conference,II,CO,"mines.edu
minesathletics.com"
Colorado State University,Pac-12 Conference,I-FBS,CO,"www.colostate.edu
www.csurams.com"
Colorado State University Pueblo,Rocky Mountain Athletic Conference,II,CO,"www.csupueblo.edu
www.gothunderwolves.com"
Columbia University-Barnard College,The Ivy League,I-FCS,NY,"www.columbia.edu
www.gocolumbialions.com/"
Columbus State University,Peach Belt Conference,II,GA,"www.columbusstate.edu
csucougars.com"
Concord University,Mountain East Conference,II,WV,"www.concord.edu
www.cumountainlions.com"
"Concordia College, Moorhead",Minnesota Intercollegiate Athletic Conference,III,MN,"www.concordiacollege.edu
www.gocobbers.com"
Concordia University Chicago,Northern Athletics Collegiate Conference,III,IL,"www.cuchicago.edu
www.CUCougars.com"
Concordia University Irvine,Pacific West Conference,II,CA,"www.cui.edu
www.cuigoldeneagles.com"
Concordia University Texas,Southern Collegiate Athletic Conference,III,TX,"www.concordia.edu/
athletics.concordia.edu/index.aspx"
Concordia University Wisconsin,Northern Athletics Collegiate Conference,III,WI,"www.cuw.edu
www.cuwfalcons.com"
"Concordia University, St. Paul",Northern Sun Intercollegiate Conference,II,MN,"www.csp.edu
cspbears.com/index.aspx"
Connecticut College,New England Small College Athletic Conference,III,CT,"www.conncoll.edu
camelathletics.com/"
Converse University,Conference Carolinas,II,SC,"www.converse.edu
govalkyries.com"
Coppin State University,Mid-Eastern Athletic Conf.,I,MD,"www.coppin.edu
www.coppinstatesports.com"
Cornell College,Midwest Conference,III,IA,"www.cornellcollege.edu
www.cornellrams.com"
Cornell University,The Ivy League,I-FCS,NY,"www.cornell.edu
www.cornellbigred.com"
Covenant College,Collegiate Conference of the South,III,GA,"www.covenant.edu
athletics.covenant.edu/"
Creighton University,BIG EAST Conference,I,NE,"www.creighton.edu/node/165768
gocreighton.com/"
Crown College (Minnesota),Upper Midwest Athletic Conference,III,MN,"www.crown.edu
www.athletics.crown.edu"
Curry College,Conference of New England,III,MA,"www.curry.edu
www.curryathletics.com"
D'Youville University,East Coast Conference,II,NY,"www.dyc.edu
athletics.dyc.edu"
Daemen University,East Coast Conference,II,NY,"www.daemen.edu
daemenwildcats.com/"
Dallas Baptist University,Lone Star Conference,II,TX,"www.dbu.edu
www.dbupatriots.com"
Dartmouth College,The Ivy League,I-FCS,NH,"www.dartmouth.edu
www.dartmouthsports.com"
Davenport University,Great Lakes Intercollegiate Athletic Conference,II,MI,"www.davenport.edu/
dupanthers.com"
Davidson College,Atlantic 10 Conference,I-FCS,NC,"www.davidson.edu
www.davidsonwildcats.com"
Davis & Elkins College,Mountain East Conference,II,WV,"www.dewv.edu
www.senatornation.com"
Dean College,Great Northeast Athletic Conference,III,MA,"https://www.dean.edu/
www.deanbulldogs.com/landing/index"
Delaware State University,Mid-Eastern Athletic Conf.,I-FCS,DE,"www.desu.edu
www.dsuhornets.com/"
Delaware Valley University,Middle Atlantic Conferences,III,PA,"www.delval.edu
www.delval.edu/athletics"
Delta State University,Gulf South Conference,II,MS,"www.deltastate.edu
www.gostatesmen.com"
Denison University,North Coast Athletic Conference,III,OH,"www.denison.edu
www.denisonbigred.com"
DePaul University,BIG EAST Conference,I,IL,"www.depaul.edu
www.depaulbluedemons.com"
DePauw University,North Coast Athletic Conference,III,IN,"www.depauw.edu
depauwtigers.com/landing/index"
DeSales University,Middle Atlantic Conferences,III,PA,"www.desales.edu
athletics.desales.edu"
Dickinson College,Centennial Conference,III,PA,"www.dickinson.edu
www.dickinsonathletics.com"
Dominican University (Illinois),Northern Athletics Collegiate Conference,III,IL,"www.dom.edu
www.dustars.com"
Dominican University New York,Central Atlantic Collegiate Conference,II,NY,"www.duny.edu
www.chargerathletics.com"
Dominican University of California,Pacific West Conference,II,CA,"www.dominican.edu
www.dominicanathletics.com"
Drake University,Missouri Valley Conference,I-FCS,IA,"https://www.drake.edu/
godrakebulldogs.com/"
Drew University,Landmark Conference,III,NJ,"www.drew.edu
www.drewrangers.com"
Drexel University,Coastal Athletic Association,I,PA,"www.drexel.edu
www.drexeldragons.com"
Drury University,Great Lakes Valley Conference,II,MO,"www.drury.edu
www.drurypanthers.com/"
Duke University,Atlantic Coast Conference,I-FBS,NC,"www.duke.edu
www.goduke.com"
Duquesne University,Atlantic 10 Conference,I-FCS,PA,"www.duq.edu
www.GoDuquesne.com"
Earlham College,Heartland Collegiate Athletic Conference,III,IN,"www.earlham.edu
www.goearlham.com"
East Carolina University,American Conference,I-FBS,NC,"www.ecu.edu
www.ecupirates.com"
East Central University,Great American Conference,II,OK,"www.ecok.edu
ecutigers.com"
East Stroudsburg University of Pennsylvania,Pennsylvania State Athletic Conference,II,PA,"www.esu.edu
esuwarriors.com"
East Tennessee State University,Southern Conference,I-FCS,TN,"www.etsu.edu
www.etsubucs.com"
East Texas A&M University,Southland Conference,I-FCS,TX,"www.etamu.edu
www.lionathletics.com"
East Texas Baptist University,American Southwest Conference,III,TX,"www.etbu.edu
www.goetbutigers.com"
Eastern Connecticut State University,Little East Conference,III,CT,"www.easternct.edu
gowarriorathletics.com"
Eastern Illinois University,Ohio Valley Conference,I-FCS,IL,"www.eiu.edu
www.eiupanthers.com"
Eastern Kentucky University,United Athletic Conference,I-FCS,KY,"www.eku.edu
www.ekusports.com"
Eastern Mennonite University,Old Dominion Athletic Conf.,III,VA,"www.emu.edu
www.emuroyals.com"
Eastern Michigan University,Mid-American Conference,I-FBS,MI,"www.emich.edu
www.emueagles.com"
Eastern New Mexico University,Lone Star Conference,II,NM,"www.enmu.edu
www.goeasternathletics.com"
Eastern University,Middle Atlantic Conferences,III,PA,"www.eastern.edu
www.goeasterneagles.com"
Eastern Washington University,Big Sky Conference,I-FCS,WA,"www.ewu.edu/
goeags.com"
EC University,Independent,I-FBS,IN,
Eckerd College,Sunshine State Conference,II,FL,"www.eckerd.edu/
www.eckerdtritons.com"
Edgewood University,Northern Athletics Collegiate Conference,III,WI,"www.edgewood.edu
www.EdgewoodEagles.com"
Edward Waters University,Southern Intercol. Ath. Conf.,II,FL,"www.ewu.edu
www.ewutigerpride.com"
Elizabeth City State University,Central Intercollegiate Athletic Association,II,NC,"www.ecsu.edu
www.ecsuvikings.com"
Elizabethtown College,Landmark Conference,III,PA,"www.etown.edu
www.etownbluejays.com"
Elmhurst University,College Conference of Illinois & Wisconsin,III,IL,"public.elmhurst.edu/
elmhurstbluejays.com/"
Elmira College,Empire 8,III,NY,"www.elmira.edu
athletics.elmira.edu"
Elms College,Great Northeast Athletic Conference,III,MA,"www.elms.edu
ecblazers.com"
Elon University,Coastal Athletic Association,I-FCS,NC,"www.elon.edu
www.elonphoenix.com"
Embry-Riddle Aeronautical University (Florida),Sunshine State Conference,II,FL,"www.erau.edu
www.erauathletics.com"
Emerson College,New England Women's and Men's Athletic Conference,III,MA,"www.emerson.edu
www.emersonlions.com"
Emmanuel College (Massachusetts),Great Northeast Athletic Conference,III,MA,"www.emmanuel.edu
www.goecsaints.com"
Emmanuel University (Georgia),Conference Carolinas,II,GA,"www.ec.edu
www.goeclions.com"
Emory & Henry University,South Atlantic Conference,II,VA,"www.emoryhenry.edu
www.gowasps.com"
Emory University,University Athletic Association,III,GA,"www.emory.edu
www.emoryathletics.com"
Emporia State University,Mid-America Intercollegiate Athletics Association,II,KS,"www.emporia.edu
www.esuhornets.com"
Endicott College,Conference of New England,III,MA,"www.endicott.edu
www.ecgulls.com"
Erskine College,Conference Carolinas,II,SC,"www.erskine.edu
www.erskinesports.com"
Eureka College,St. Louis Intercollegiate Athletic Conference,III,IL,"www.eureka.edu
www.eurekareddevils.com"
Fairfield University,Metro Conference,I,CT,"fairfield.edu
fairfieldstags.com"
"Fairleigh Dickinson University, Florham",Middle Atlantic Conferences,III,NJ,"www.fdu.edu
www.fdudevils.com"
"Fairleigh Dickinson University, Metropolitan Campus",Northeast Conference,I,NJ,"www.fdu.edu
www.fduknights.com"
Fairmont State University,Mountain East Conference,II,WV,"www.fairmontstate.edu
www.fightingfalcons.com"
Farmingdale State College,Skyline Conference,III,NY,"www.farmingdale.edu
www.farmingdalesports.com"
Fayetteville State University,Central Intercollegiate Athletic Association,II,NC,"www.uncfsu.edu
fsubroncos.com"
Felician University,Central Atlantic Collegiate Conference,II,NJ,"www.felician.edu
www.felicianuathletics.com"
Ferris State University,Great Lakes Intercollegiate Athletic Conference,II,MI,"www.ferris.edu
www.ferrisstatebulldogs.com"
Ferrum College,Conference Carolinas,III,VA,"www.ferrum.edu
www.ferrumpanthers.com"
Fitchburg State University,Massachusetts State Collegiate Athletic Conference,III,MA,"www.fitchburgstate.edu
www.fitchburgfalcons.com"
Flagler College,Peach Belt Conference,II,FL,"www.flagler.edu
www.flaglerathletics.com/"
Florida A&M University,Southwestern Athletic Conf.,I-FCS,FL,"www.famu.edu
www.famuathletics.com/"
Florida Atlantic University,American Conference,I-FBS,FL,"www.fau.edu
www.fausports.com"
Florida Gulf Coast University,Atlantic Sun Conference,I,FL,"https://www.fgcu.edu/
fgcuathletics.com/"
Florida Institute of Technology,Sunshine State Conference,II,FL,"www.fit.edu/
floridatechsports.com/"
Florida International University,Conference USA,I-FBS,FL,"www.fiu.edu
www.fiusports.com"
Florida Southern College,Sunshine State Conference,II,FL,"www.flsouthern.edu
www.fscmocs.com"
Florida State University,Atlantic Coast Conference,I-FBS,FL,"www.fsu.edu
www.seminoles.com"
Fordham University,Atlantic 10 Conference,I-FCS,NY,"www.fordham.edu
www.fordhamsports.com"
Fort Hays State University,Mid-America Intercollegiate Athletics Association,II,KS,"www.fhsu.edu
www.fhsuathletics.com"
Fort Lewis College,Rocky Mountain Athletic Conference,II,CO,"www.fortlewis.edu
www.goskyhawks.com"
Fort Valley State University,Southern Intercol. Ath. Conf.,II,GA,"www.fvsu.edu
fvsusports.com/index.aspx"
Framingham State University,Massachusetts State Collegiate Athletic Conference,III,MA,"www.framingham.edu
www.fsurams.com"
Francis Marion University,Conference Carolinas,II,SC,"www.fmarion.edu
www.fmupatriots.com"
Franciscan University of Steubenville,Presidents' Athletic Conference,III,OH,"www.franciscan.edu
www.franciscanathletics.com"
Franklin & Marshall College,Centennial Conference,III,PA,"www.fandm.edu
www.godiplomats.com"
Franklin College,Heartland Collegiate Athletic Conference,III,IN,"www.franklincollege.edu
franklingrizzlies.com/landing/index"
Franklin Pierce University,Northeast 10 Conference,II,NH,"www.franklinpierce.edu
www.fpuravens.com/landing/index"
Fresno Pacific University,Pacific West Conference,II,CA,"www.fresno.edu
fpuathletics.com/"
Frostburg State University,Mountain East Conference,II,MD,"www.frostburg.edu/
www.frostburgsports.com"
Furman University,Southern Conference,I-FCS,SC,"www.furman.edu
www.furmanpaladins.com"
Gallaudet University,United East Conference,III,DC,"www.gallaudet.edu
www.gallaudetbison.com"
Gannon University,Pennsylvania State Athletic Conference,II,PA,"www.gannon.edu
www.gannonsports.com"
Gardner-Webb University,Big South Conference,I-FCS,NC,"gardner-webb.edu
gwusports.com/"
Geneva College,Presidents' Athletic Conference,III,PA,"www.geneva.edu
athletics.geneva.edu"
George Fox University,Northwest Conference,III,OR,"www.georgefox.edu
www.gfubruins.com"
George Mason University,Atlantic 10 Conference,I,VA,"www.gmu.edu
www.gomason.com"
George Washington University,Atlantic 10 Conference,I,DC,"www.gwu.edu
www.gwsports.com/index.html"
Georgetown University,BIG EAST Conference,I-FCS,DC,"georgetown.edu
guhoyas.com"
Georgia College,Peach Belt Conference,II,GA,"www.gcsu.edu
www.gcsubobcats.com"
Georgia Institute of Technology,Atlantic Coast Conference,I-FBS,GA,"www.gatech.edu
www.ramblinwreck.com"
Georgia Southern University,Sun Belt Conference,I-FBS,GA,"georgiasouthern.edu
gseagles.com"
Georgia Southwestern State University,Peach Belt Conference,II,GA,"www.gsw.edu
www.gswcanes.com"
Georgia State University,Sun Belt Conference,I-FBS,GA,"gsu.edu
georgiastatesports.com"
Georgian Court University,Central Atlantic Collegiate Conference,II,NJ,"www.georgian.edu
www.gculions.com"
Gettysburg College,Centennial Conference,III,PA,"www.gettysburg.edu
www.gettysburgsports.com"
Glenville State University,Mountain East Conference,II,WV,"www.glenville.edu
www.gscpioneers.com"
Goldey-Beacom College,Central Atlantic Collegiate Conference,II,DE,"www.gbc.edu
www.gbcathletics.com"
Gonzaga University,West Coast Conference,I,WA,"www.gonzaga.edu
www.gozags.com"
Gordon College,Conference of New England,III,MA,"www.gordon.edu
athletics.gordon.edu/index.aspx"
Goucher College,Landmark Conference,III,MD,"www.goucher.edu
athletics.goucher.edu/landing/index"
Grambling State University,Southwestern Athletic Conf.,I-FCS,LA,"www.gram.edu
www.gsutigers.com"
Grand Canyon University,Mountain West Conference,I,AZ,"www.gcu.edu/
www.gculopes.com"
Grand Valley State University,Great Lakes Intercollegiate Athletic Conference,II,MI,"www.gvsu.edu
gvsulakers.com"
Greensboro College,USA South Athletic Conference,III,NC,"www.greensboro.edu
www.greensborocollegesports.com"
Greenville University,St. Louis Intercollegiate Athletic Conference,III,IL,"www.greenville.edu
www.greenville.edu/athletics"
Grinnell College,Midwest Conference,III,IA,"www.grinnell.edu/
pioneers.grinnell.edu/"
Grove City College,Presidents' Athletic Conference,III,PA,"www.gcc.edu
athletics.gcc.edu"
Guilford College,Old Dominion Athletic Conf.,III,NC,"www.guilford.edu
www.guilford.edu/athletics"
Gustavus Adolphus College,Minnesota Intercollegiate Athletic Conference,III,MN,"www.gustavus.edu
www.gustavus.edu/athletics/"
Gwynedd Mercy University,Atlantic East Conference,III,PA,"www.gmercyu.edu
gwyneddathletics.com/"
Hamilton College,New England Small College Athletic Conference,III,NY,"www.hamilton.edu
www.hamilton.edu/athletics"
Hamline University,Minnesota Intercollegiate Athletic Conference,III,MN,"www.hamline.edu
www.hamlineathletics.com"
Hampden-Sydney College,Old Dominion Athletic Conf.,III,VA,"www.hsc.edu/
www.hscathletics.com"
Hampton University,Coastal Athletic Association,I-FCS,VA,"hamptonu.edu
hamptonpirates.com"
Hanover College,Heartland Collegiate Athletic Conference,III,IN,"www.hanover.edu
https://athletics.hanover.edu/landing/index"
Hardin-Simmons University,American Southwest Conference,III,TX,"www.hsutx.edu
hsuathletics.com"
Harding University,Great American Conference,II,AR,"www.harding.edu
www.hardingsports.com"
Hartwick College,Empire 8,III,NY,"www.hartwick.edu
www.hartwickhawks.com"
Harvard University,The Ivy League,I-FCS,MA,"https://www.harvard.edu/
https://gocrimson.com/"
Haverford College,Centennial Conference,III,PA,"www.haverford.edu
www.haverfordathletics.com"
Hawaii Pacific University,Pacific West Conference,II,HI,"www.hpu.edu
www.hpusharks.com/"
Heidelberg University,Ohio Athletic Conference,III,OH,"www.heidelberg.edu
bergathletics.com"
Henderson State University,Great American Conference,II,AR,"hsu.edu
hsusports.com"
Hendrix College,Southern Collegiate Athletic Conference,III,AR,"www.hendrix.edu
www.hendrixwarriors.com"
High Point University,Big South Conference,I,NC,"www.highpoint.edu
www.highpointpanthers.com"
Hilbert College,Allegheny Mountain Collegiate Conference,III,NY,"www.hilbert.edu
www.hilberthawks.com"
Hillsdale College,Great Midwest Athletic Conference,II,MI,"www.hillsdale.edu
www.hillsdalechargers.com"
Hiram College,Presidents' Athletic Conference,III,OH,"www.hiram.edu
www.hiramterriers.com"
Hobart and William Smith Colleges,Liberty League,III,NY,"www.hws.edu
www.hwsathletics.com"
Hofstra University,Coastal Athletic Association,I,NY,"www.hofstra.edu
www.gohofstra.com"
Hollins University,Old Dominion Athletic Conf.,III,VA,"www.hollins.edu
www.hollinssports.com"
Holy Family University,Central Atlantic Collegiate Conference,II,PA,"www.holyfamily.edu
athletics.holyfamily.edu"
Hood College,Middle Atlantic Conferences,III,MD,"www.hood.edu
www.hoodathletics.com"
Hope College,Michigan Intercollegiate Athletic Association,III,MI,"www.hope.edu
athletics.hope.edu"
Houghton University,Empire 8,III,NY,"www.houghton.edu
athletics.houghton.edu"
Houston Christian University,Southland Conference,I-FCS,TX,"www.hc.edu
www.hcuhuskies.com"
Howard Payne University,American Southwest Conference,III,TX,"www.hputx.edu
www.hpusports.com"
Howard University,Mid-Eastern Athletic Conf.,I-FCS,DC,"www.howard.edu
www.hubison.com"
Hunter College,City University of New York Athletic Conference,III,NY,"www.hunter.cuny.edu/
https://www.huntercollegeathletics.com"
Huntingdon College,Collegiate Conference of the South,III,AL,"www.huntingdon.edu
www.huntingdonhawks.com"
Husson University,North Atlantic Conference,III,ME,"www.husson.edu
www.hussoneagles.com"
Idaho State University,Big Sky Conference,I-FCS,ID,"www.isu.edu
www.isubengals.com"
Illinois College,Midwest Conference,III,IL,"www.ic.edu
www.illinoiscollegeathletics.com/"
Illinois Institute of Technology,Northern Athletics Collegiate Conference,III,IL,"www.iit.edu
www.illinoistechathletics.com"
Illinois State University,Missouri Valley Conference,I-FCS,IL,"IllinoisState.edu
GoRedbirds.com"
Illinois Wesleyan University,College Conference of Illinois & Wisconsin,III,IL,"www.iwu.edu/
www.iwusports.com"
Immaculata University,Atlantic East Conference,III,PA,"www.immaculata.edu
www.gomightymacs.com"
Indiana State University,Missouri Valley Conference,I-FCS,IN,"www.indstate.edu
www.gosycamores.com"
Indiana University Indianapolis,Horizon League,I,IN,"indianapolis.iu.edu/
iuindyjags.com/"
Indiana University of Pennsylvania,Pennsylvania State Athletic Conference,II,PA,"iup.edu
iupathletics.com"
"Indiana University, Bloomington",Big Ten Conference,I-FBS,IN,"www.iub.edu
www.iuhoosiers.com"
Iona University,Metro Conference,I,NY,"www.iona.edu
www.ionagaels.com"
Iowa State University,Big 12 Conference,I-FBS,IA,"www.iastate.edu
www.cyclones.com"
Ithaca College,Liberty League,III,NY,"www.ithaca.edu/
athletics.ithaca.edu"
Jackson State University,Southwestern Athletic Conf.,I-FCS,MS,"www.jsums.edu/
www.gojsutigers.com"
Jacksonville State University,Conference USA,I-FBS,AL,"www.jsu.edu
www.jaxstatesports.com"
Jacksonville University,Atlantic Sun Conference,I,FL,"www.ju.edu
www.judolphins.com"
James Madison University,Sun Belt Conference,I-FBS,VA,"www.jmu.edu/
www.jmusports.com"
Jessup University,Pacific West Conference,II,CA,"jessup.edu
jessupathletics.com"
John Carroll University,North Coast Athletic Conference,III,OH,"www.jcu.edu
www.jcusports.com"
John Jay College of Criminal Justice,City University of New York Athletic Conference,III,NY,"www.jjay.cuny.edu/
www.johnjayathletics.com"
Johns Hopkins University,Centennial Conference,III,MD,"www.jhu.edu/
www.hopkinssports.com"
Johnson & Wales University (Providence),Conference of New England,III,RI,"www.jwu.edu
providence.jwuathletics.com"
Johnson C. Smith University,Central Intercollegiate Athletic Association,II,NC,"www.jcsu.edu
www.goldenbullsports.com"
Juniata College,Landmark Conference,III,PA,"www.juniata.edu/
www.juniatasports.net"
Kalamazoo College,Michigan Intercollegiate Athletic Association,III,MI,"www.kzoo.edu/
hornets.kzoo.edu/landing/index/"
Kansas State University,Big 12 Conference,I-FBS,KS,"www.k-state.edu
www.kstatesports.com"
Kean University,New Jersey Athletic Conference,III,NJ,"www.kean.edu
www.keanathletics.com"
Keene State College,Little East Conference,III,NH,"www.keene.edu
www.keeneowls.com"
Kennesaw State University,Conference USA,I-FBS,GA,"www.kennesaw.edu/
www.ksuowls.com"
Kent State University,Mid-American Conference,I-FBS,OH,"www.kent.edu
www.kentstatesports.com"
Kentucky State University,Southern Intercol. Ath. Conf.,II,KY,"www.kysu.edu/
ksuthorobreds.com"
Kentucky Wesleyan College,Great Midwest Athletic Conference,II,KY,"kwc.edu
kwcpanthers.com"
Kenyon College,North Coast Athletic Conference,III,OH,"www.kenyon.edu
athletics.kenyon.edu"
Keuka College,Empire 8,III,NY,"www.keuka.edu/
www.keukaathletics.com"
Keystone College,United East Conference,III,PA,"www.keystone.edu
www.gokcgiants.com"
King University,Conference Carolinas,II,TN,"www.king.edu/
www.kingtornado.com/"
King's College (Pennsylvania),Middle Atlantic Conferences,III,PA,"www.kings.edu/
www.kings.edu/athletics"
Knox College,Midwest Conference,III,IL,"www.knox.edu
prairiefire.knox.edu"
Kutztown University of Pennsylvania,Pennsylvania State Athletic Conference,II,PA,"www.kutztown.edu
www.kubears.com"
La Roche University,Allegheny Mountain Collegiate Conference,III,PA,"www.laroche.edu
larochesports.com"
La Salle University,Atlantic 10 Conference,I,PA,"www.lasalle.edu/
www.goexplorers.com/"
Lafayette College,Patriot League,I-FCS,PA,"www.lafayette.edu
www.goleopards.com"
LaGrange College,Collegiate Conference of the South,III,GA,"www.lagrange.edu
www.lagrangepanthers.com"
Lake Erie College,Great Midwest Athletic Conference,II,OH,"www.lec.edu
www.lakeeriestorm.com"
Lake Forest College,Midwest Conference,III,IL,"www.lakeforest.edu
www.goforesters.com"
Lake Superior State University,Great Lakes Intercollegiate Athletic Conference,II,MI,"lssu.edu
lssulakers.com"
Lakeland University,Northern Athletics Collegiate Conference,III,WI,"www.lakeland.edu/
lakelandmuskies.com/"
Lamar University,Southland Conference,I-FCS,TX,"www.lamar.edu
www.lamarcardinals.com"
Lancaster Bible College,United East Conference,III,PA,"www.lbc.edu
www.lbcchargers.com"
Lander University,Peach Belt Conference,II,SC,"www.lander.edu/
www.landerbearcats.com"
Lane College,Southern Intercol. Ath. Conf.,II,TN,"www.lanecollege.edu
www.golcdragons.com/"
Lasell University,Great Northeast Athletic Conference,III,MA,"www.lasell.edu
laserpride.lasell.edu"
Lawrence University,Midwest Conference,III,WI,"www.lawrence.edu/
vikings.lawrence.edu/index.aspx"
Le Moyne College,Northeast Conference,I,NY,"www.lemoyne.edu/
www.lemoynedolphins.com"
Lebanon Valley College,Middle Atlantic Conferences,III,PA,"www.lvc.edu
www.godutchmen.com"
Lee University,Gulf South Conference,II,TN,"www.leeuniversity.edu/
www.leeuflames.com"
Lees-McRae College,Conference Carolinas,II,NC,"www.lmc.edu
lmcbobcats.com"
Lehigh University,Patriot League,I-FCS,PA,"www.lehigh.edu
www.lehighsports.com"
Lehman College,City University of New York Athletic Conference,III,NY,"www.lehman.edu
www.lehmanathletics.com"
LeMoyne-Owen College,Southern Intercol. Ath. Conf.,II,TN,"www.loc.edu
athletics.loc.edu/"
Lenoir-Rhyne University,South Atlantic Conference,II,NC,"www.LR.edu
www.lrbears.com"
Lesley University,North Atlantic Conference,III,MA,"www.lesley.edu
lesleyathletics.com"
LeTourneau University,Southern Collegiate Athletic Conference,III,TX,"www.letu.edu
www.letuathletics.com"
Lewis & Clark College,Northwest Conference,III,OR,"www.lclark.edu
www.golcathletics.com"
Lewis University,Great Lakes Valley Conference,II,IL,"www.lewisu.edu
www.lewisflyers.com"
Liberty University,Conference USA,I-FBS,VA,"www.liberty.edu
www.LibertyFlames.com"
Lincoln Memorial University,South Atlantic Conference,II,TN,"www.lmunet.edu/
www.lmurailsplitters.com"
Lincoln University (Missouri),Great Lakes Valley Conference,II,MO,"www.lincolnu.edu/
www.lubluetigers.com"
Lincoln University (Pennsylvania),Central Intercollegiate Athletic Association,II,PA,"www.lincoln.edu
www.lulions.com"
Lindenwood University,Ohio Valley Conference,I-FCS,MO,"www.lindenwood.edu
lindenwoodlions.com"
Linfield University,Northwest Conference,III,OR,"www.linfield.edu
golinfieldwildcats.com/"
Lipscomb University,Atlantic Sun Conference,I,TN,"www.lipscomb.edu
www.lipscombsports.com"
Livingstone College,Central Intercollegiate Athletic Association,II,NC,"www.livingstone.edu/
https://bluebearathletics.com/"
Lock Haven University of Pennsylvania,Pennsylvania State Athletic Conference,II,PA,"www.lockhaven.edu
https://www.lockhavenathletics.com/"
Long Beach State University,Big West Conference,I,CA,"www.csulb.edu
longbeachstate.com"
Long Island University,Northeast Conference,I-FCS,NY,"liu.edu
www.liuathletics.com"
Longwood University,Big South Conference,I,VA,"www.longwood.edu/
longwoodlancers.com"
Loras College,American Rivers Conference,III,IA,"www.loras.edu
www.duhawks.com"
Louisiana State University,Southeastern Conference,I-FBS,LA,"www.lsu.edu
www.lsusports.net"
Louisiana Tech University,Sun Belt Conference,I-FBS,LA,"www.latech.edu/
www.latechsports.com/"
Loyola Marymount University,West Coast Conference,I,CA,"www.lmu.edu
www.LMULions.com"
Loyola University Chicago,Atlantic 10 Conference,I,IL,"www.luc.edu
www.loyolaramblers.com"
Loyola University Maryland,Patriot League,I,MD,"www.loyola.edu
www.loyolagreyhounds.com"
LSU New Orleans,Southland Conference,I,LA,"www.uno.edu
www.unoprivateers.com"
Lubbock Christian University,Lone Star Conference,II,TX,"www.lcu.edu
www.lcuchaps.com"
Luther College,American Rivers Conference,III,IA,"www.luther.edu/
sports.luther.edu"
Lycoming College,Landmark Conference,III,PA,"www.lycoming.edu
lycomingathletics.com"
Lynn University,Sunshine State Conference,II,FL,"www.lynn.edu
www.lynnfightingknights.com"
Lyon College,St. Louis Intercollegiate Athletic Conference,III,AR,"www.lyon.edu/
lyonscots.com/"
Macalester College,Minnesota Intercollegiate Athletic Conference,III,MN,"www.macalester.edu/
www.macalester.edu/athletics"
Maine Maritime Academy,North Atlantic Conference,III,ME,"www.mainemaritime.edu/
www.marinersports.org"
Malone University,Great Midwest Athletic Conference,II,OH,"www.malone.edu
www.malonepioneers.com"
Manchester University,Heartland Collegiate Athletic Conference,III,IN,"www.manchester.edu
www.muspartans.com"
Manhattan University,Metro Conference,I,NY,"www.manhattan.edu
www.gojaspers.com"
Manhattanville University,Skyline Conference,III,NY,"www.mville.edu
www.govaliants.com"
Mansfield University of Pennsylvania,Pennsylvania State Athletic Conference,II,PA,"https://www.commonwealthu.edu/campus-life/mansfield
www.gomounties.com"
Maranatha Baptist University,,III,WI,"www.mbu.edu/
mbusabercats.com"
Marian University (Wisconsin),Northern Athletics Collegiate Conference,III,WI,"www.marianuniversity.edu
www.sabreathletics.com"
Marietta College,Ohio Athletic Conference,III,OH,"www.marietta.edu/
pioneers.marietta.edu/"
Marist University,Metro Conference,I-FCS,NY,"marist.edu
goredfoxes.com"
Marquette University,BIG EAST Conference,I,WI,"www.marquette.edu
www.gomarquette.com"
Mars Hill University,South Atlantic Conference,II,NC,"www.mhu.edu
www.marshilllions.com"
Marshall University,Sun Belt Conference,I-FBS,WV,"www.marshall.edu
www.herdzone.com"
Martin Luther College,Upper Midwest Athletic Conference,III,MN,"www.mlc-wels.edu
www.mlcknights.com"
Mary Baldwin University,USA South Athletic Conference,III,VA,"www.marybaldwin.edu/
www.marybaldwinathletics.com"
Marymount University (Virginia),Atlantic East Conference,III,VA,"www.marymount.edu/
www.marymountsaints.com"
Maryville College (Tennessee),Collegiate Conference of the South,III,TN,"www.maryvillecollege.edu
www.mcscots.com/landing/index"
Maryville University of Saint Louis,Great Lakes Valley Conference,II,MO,"www.maryville.edu
www.maryvillesaints.com"
Marywood University,Middle Atlantic Conferences,III,PA,"www.marywood.edu
www.marywoodpacers.com"
Massachusetts College of Liberal Arts,Massachusetts State Collegiate Athletic Conference,III,MA,"www.mcla.edu/
athletics.mcla.edu/"
Massachusetts Institute of Technology,New England Women's and Men's Athletic Conference,III,MA,"web.mit.edu
www.mitathletics.com"
Massachusetts Maritime Academy,Massachusetts State Collegiate Athletic Conference,III,MA,"www.maritime.edu
www.mmabucs.com"
McDaniel College,Centennial Conference,III,MD,"www.mcdaniel.edu/
www.mcdaniel.edu/athletics"
McKendree University,Great Lakes Valley Conference,II,IL,"www.mckendree.edu
www.mckbearcats.com"
McMurry University,American Southwest Conference,III,TX,"www.mcm.edu
www.mcmurrysports.com"
McNeese State University,Southland Conference,I-FCS,LA,"www.mcneese.edu/
www.mcneesesports.com"
Medgar Evers College,City University of New York Athletic Conference,III,NY,"www.mec.cuny.edu
www.mecathletics.com"
Mercer University,Southern Conference,I-FCS,GA,"www2.mercer.edu/default.htm
www.mercerbears.com"
Mercy University,East Coast Conference,II,NY,"www.mercy.edu
www.mercyathletics.com"
Mercyhurst University,Northeast Conference,II,PA,"mercyhurst.edu
www.hurstathletics.com"
Meredith College,USA South Athletic Conference,III,NC,"www.meredith.edu
www.goavengingangels.com"
Merrimack College,Metro Conference,I-FCS,MA,"www.merrimack.edu
www.merrimackathletics.com"
Messiah University,Middle Atlantic Conferences,III,PA,"www.messiah.edu
www.gomessiah.com"
Methodist University,USA South Athletic Conference,III,NC,"www.methodist.edu
www.mumonarchs.com"
Metropolitan State University of Denver,Rocky Mountain Athletic Conference,II,CO,"www.msudenver.edu
www.RoadrunnersAthletics.com"
Miami University (Ohio),Mid-American Conference,I-FBS,OH,"www.miamiOH.edu
www.miamiredhawks.com"
Michigan State University,Big Ten Conference,I-FBS,MI,"www.msu.edu
msuspartans.com/"
Michigan Technological University,Great Lakes Intercollegiate Athletic Conference,II,MI,"www.mtu.edu
www.michigantechhuskies.com"
Middle Tennessee State University,Conference USA,I-FBS,TN,"www.mtsu.edu/
www.goblueraiders.com"
Middlebury College,New England Small College Athletic Conference,III,VT,"www.middlebury.edu/
www.middlebury.edu/athletics"
Midwestern State University,Lone Star Conference,II,TX,"www.msutexas.edu/
msumustangs.com"
Miles College,Southern Intercol. Ath. Conf.,II,AL,"www.miles.edu
milesgoldenbears.com/"
Millersville University of Pennsylvania,Pennsylvania State Athletic Conference,II,PA,"www.millersville.edu
www.millersvilleathletics.com"
Millikin University,College Conference of Illinois & Wisconsin,III,IL,"www.millikin.edu/
athletics.millikin.edu"
Millsaps College,Southern Athletic Association,III,MS,"www.millsaps.edu
www.gomajors.com"
Milwaukee School of Engineering,Northern Athletics Collegiate Conference,III,WI,"www.msoe.edu/
go-raiders.com"
Minnesota State University Moorhead,Northern Sun Intercollegiate Conference,II,MN,"www.mnstate.edu/
msumdragons.com/"
"Minnesota State University, Mankato",Northern Sun Intercollegiate Conference,II,MN,"www.mnsu.edu/
www.msumavericks.com"
Minot State University,Northern Sun Intercollegiate Conference,II,ND,"www.minotstateu.edu
www.msubeavers.com"
Misericordia University,Middle Atlantic Conferences,III,PA,"www.misericordia.edu/
www.misericordia.edu/athletics"
Mississippi College,Gulf South Conference,II,MS,"www.mc.edu
www.gochoctaws.com"
Mississippi State University,Southeastern Conference,I-FBS,MS,"www.msstate.edu
www.hailstate.com"
Mississippi University for Women,St. Louis Intercollegiate Athletic Conference,III,MS,"www.muw.edu
www.owlsathletics.com"
Mississippi Valley State University,Southwestern Athletic Conf.,I-FCS,MS,"www.mvsu.edu
www.mvsusports.com"
Missouri Southern State University,Mid-America Intercollegiate Athletics Association,II,MO,"www.mssu.edu/
mssulions.com"
Missouri State University,Conference USA,I-FBS,MO,"www.missouristate.edu
www.missouristatebears.com"
Missouri University of Science and Technology,Great Lakes Valley Conference,II,MO,"www.mst.edu
www.minerathletics.com"
Missouri Western State University,Mid-America Intercollegiate Athletics Association,II,MO,"www.missouriwestern.edu
www.gogriffons.com"
Mitchell College,Great Northeast Athletic Conference,III,CT,"www.mitchell.edu
www.mitchellathletics.com"
Molloy University,East Coast Conference,II,NY,"www.molloy.edu/
www.molloylions.com"
Monmouth College (Illinois),Midwest Conference,III,IL,"www.monmouthcollege.edu
monmouthscots.com"
Monmouth University,Coastal Athletic Association,I-FCS,NJ,"www.monmouth.edu/
www.monmouthhawks.com"
Montana State University Billings,Great Northwest Athletic Conference,II,MT,"www.msubillings.edu
www.msubsports.com"
Montana State University-Bozeman,Big Sky Conference,I-FCS,MT,"www.montana.edu/
www.msubobcats.com"
Montclair State University,New Jersey Athletic Conference,III,NJ,"www.montclair.edu/
www.montclairathletics.com"
Moravian University,Landmark Conference,III,PA,"www.moravian.edu
moraviansports.com/landing/index"
Morehead State University,Ohio Valley Conference,I-FCS,KY,"www.moreheadstate.edu
www.msueagles.com"
Morehouse College,Southern Intercol. Ath. Conf.,II,GA,"www.morehouse.edu
www.morehouseathletics.com"
Morgan State University,Mid-Eastern Athletic Conf.,I-FCS,MD,"www.morgan.edu
www.morganstatebears.com"
Mount Aloysius College,Allegheny Mountain Collegiate Conference,III,PA,"www.mtaloy.edu
www.mountieathletics.com"
Mount Holyoke College,New England Women's and Men's Athletic Conference,III,MA,"www.mtholyoke.edu/
www.mtholyoke.edu/athletics"
Mount Saint Mary College (New York),Skyline Conference,III,NY,"www.msmc.edu/
www.msmcknights.com/"
Mount St. Joseph University,Heartland Collegiate Athletic Conference,III,OH,"www.msj.edu/
www.msjlions.com"
Mount St. Mary's University,Metro Conference,I,MD,"www.msmary.edu
www.mountathletics.com"
Muhlenberg College,Centennial Conference,III,PA,"www.muhlenberg.edu
www.muhlenbergsports.com"
Murray State University,Missouri Valley Conference,I-FCS,KY,"www.murraystate.edu/
www.goracers.com"
Muskingum University,Ohio Athletic Conference,III,OH,"www.muskingum.edu
www.fightingmuskies.com/landing/index"
Nazareth University,Empire 8,III,NY,"www.naz.edu
www.nazathletics.com"
Nebraska Wesleyan University,American Rivers Conference,III,NE,"www.nebrwesleyan.edu/
www.nwusports.com/"
Neumann University,Middle Atlantic Conferences,III,PA,"www.neumann.edu
www.neumannathletics.com"
New England College,Great Northeast Athletic Conference,III,NH,"www.nec.edu/
athletics.nec.edu/"
New Jersey Institute of Technology,America East Conference,I,NJ,"www.njit.edu
www.njithighlanders.com"
New Mexico Highlands University,Rocky Mountain Athletic Conference,II,NM,"www.nmhu.edu
www.nmhuathletics.com"
New Mexico State University,Conference USA,I-FBS,NM,"www.nmsu.edu
www.nmstatesports.com"
New York University,University Athletic Association,III,NY,"www.nyu.edu
www.gonyuathletics.com"
Newberry College,South Atlantic Conference,II,SC,"www.newberry.edu/
www.newberrywolves.com"
Newman University,Mid-America Intercollegiate Athletics Association,II,KS,"www.newmanu.edu
www.newmanjets.com"
Niagara University,Metro Conference,I,NY,"www.niagara.edu
www.purpleeagles.com"
Nicholls State University,Southland Conference,I-FCS,LA,"www.nicholls.edu
www.geauxcolonels.com"
Nichols College,Conference of New England,III,MA,"www.nichols.edu
www.nicholsathletics.com"
Norfolk State University,Mid-Eastern Athletic Conf.,I-FCS,VA,"www.nsu.edu
www.nsuspartans.com"
North Carolina A&T State University,Coastal Athletic Association,I-FCS,NC,"www.ncat.edu
www.ncataggies.com"
North Carolina Central University,Mid-Eastern Athletic Conf.,I-FCS,NC,"www.nccu.edu
www.nccueaglepride.com"
North Carolina State University,Atlantic Coast Conference,I-FBS,NC,"www.ncsu.edu
www.gopack.com"
North Carolina Wesleyan University,USA South Athletic Conference,III,NC,"https://ncwu.edu/
https://ncwsports.com/"
North Central College,College Conference of Illinois & Wisconsin,III,IL,"noctrl.edu/
northcentralcardinals.com"
North Central University,Upper Midwest Athletic Conference,III,MN,"www.northcentral.edu/
www.ncurams.com"
North Dakota State University,The Summit League,I-FCS,ND,"www.ndsu.edu/
www.GoBison.com"
North Greenville University,Conference Carolinas,II,SC,"www.ngu.edu/
www.nguathletics.com"
North Park University,College Conference of Illinois & Wisconsin,III,IL,"www.northpark.edu/
www.northpark.edu/athletics/"
Northeastern State University,Mid-America Intercollegiate Athletics Association,II,OK,"www.nsuok.edu
www.goriverhawksgo.com"
Northeastern University,Coastal Athletic Association,I,MA,"www.northeastern.edu
www.nuhuskies.com"
Northern Arizona University,Big Sky Conference,I-FCS,AZ,"www.nau.edu
www.nauathletics.com"
Northern Illinois University,Horizon League,I-FBS,IL,"www.niu.edu
www.niuhuskies.com"
Northern Kentucky University,Horizon League,I,KY,"www.nku.edu
www.nkunorse.com"
Northern Michigan University,Great Lakes Intercollegiate Athletic Conference,II,MI,"www.nmu.edu
www.nmuwildcats.com"
Northern State University,Northern Sun Intercollegiate Conference,II,SD,"northern.edu
nsuwolves.com"
Northwest Missouri State University,Mid-America Intercollegiate Athletics Association,II,MO,"nwmissouri.edu
bearcatsports.com"
Northwest Nazarene University,Great Northwest Athletic Conference,II,ID,"www.nnu.edu
nnusports.com"
Northwestern Oklahoma State University,Great American Conference,II,OK,"www.nwosu.edu
www.riderangersride.com"
Northwestern State University,Southland Conference,I-FCS,LA,"www.nsula.edu
www.nsudemons.com"
Northwestern University,Big Ten Conference,I-FBS,IL,"www.northwestern.edu
www.nusports.com"
Northwood University,Great Midwest Athletic Conference,II,MI,"www.northwood.edu
gonorthwood.com"
Norwich University,Great Northeast Athletic Conference,III,VT,"www.norwich.edu
www.norwichathletics.com"
Notre Dame of Maryland University,United East Conference,III,MD,"www.ndm.edu
www.notredamegators.com"
Nova Southeastern University,Sunshine State Conference,II,FL,"www.nova.edu
nsusharks.com"
Oakland University,Horizon League,I,MI,"www.oakland.edu
goldengrizzlies.com"
Oberlin College,North Coast Athletic Conference,III,OH,"www.oberlin.edu/
www.goyeo.com"
Occidental College,Southern California Intercollegiate Athletic Conf.,III,CA,"www.oxy.edu
www.oxyathletics.com"
Oglethorpe University,Southern Athletic Association,III,GA,"www.oglethorpe.edu
www.gopetrels.com"
Ohio Dominican University,Great Midwest Athletic Conference,II,OH,"www.ohiodominican.edu/
www.ohiodominicanpanthers.com"
Ohio Northern University,Ohio Athletic Conference,III,OH,"www.onu.edu/
onusports.com/landing/index"
Ohio University,Mid-American Conference,I-FBS,OH,"www.ohio.edu
www.ohiobobcats.com"
Ohio Wesleyan University,North Coast Athletic Conference,III,OH,"www.owu.edu
battlingbishops.com"
Oklahoma Baptist University,Great American Conference,II,OK,"www.okbu.edu
www.obubison.com"
Oklahoma Christian University,Lone Star Conference,II,OK,"www.oc.edu
www.oceagles.com"
Oklahoma State University,Big 12 Conference,I-FBS,OK,"www.okstate.edu
www.okstate.com"
Old Dominion University,Sun Belt Conference,I-FBS,VA,"www.odu.edu
www.odusports.com"
Oral Roberts University,The Summit League,I,OK,"www.oru.edu
www.oruathletics.com"
Oregon State University,Pac-12 Conference,I-FBS,OR,"oregonstate.edu/
osubeavers.com/"
Otterbein University,Ohio Athletic Conference,III,OH,"www.otterbein.edu/
www.otterbeincardinals.com"
Ouachita Baptist University,Great American Conference,II,AR,"www.obu.edu
www.obutigers.com"
Pace University,Northeast 10 Conference,II,NY,"www.pace.edu
www.paceuathletics.com"
Pacific Lutheran University,Northwest Conference,III,WA,"www.plu.edu/
www.golutes.com"
Pacific University (Oregon),Northwest Conference,III,OR,"www.pacificu.edu/
www.goboxers.com"
Palm Beach Atlantic University,Sunshine State Conference,II,FL,"www.pba.edu
www.pbasailfish.com"
Penn State Berks College,United East Conference,III,PA,"www.berks.psu.edu
www.psuberksathletics.com"
Penn State Harrisburg,United East Conference,III,PA,"www.hbg.psu.edu
athletics.hbg.psu.edu/landing/index"
"Penn State University, Abington",United East Conference,III,PA,"www.abington.psu.edu
www.abingtonsports.com"
"Penn State University, Altoona",Allegheny Mountain Collegiate Conference,III,PA,"www.altoona.psu.edu
www.psaltoonalions.com"
Pennsylvania College of Technology,United East Conference,III,PA,"www.pct.edu
athletics.pct.edu"
"Pennsylvania State Univ. Erie, the Behrend College",Allegheny Mountain Collegiate Conference,III,PA,"pserie.psu.edu
PSBLions.com"
Pennsylvania State University,Big Ten Conference,I-FBS,PA,"www.psu.edu
goPSUsports.com"
"Pennsylvania Western University, California",Pennsylvania State Athletic Conference,II,PA,"www.pennwest.edu
www.calvulcans.com"
"Pennsylvania Western University, Clarion",Pennsylvania State Athletic Conference,II,PA,"www.pennwest.edu
www.clariongoldeneagles.com"
"Pennsylvania Western University, Edinboro",Pennsylvania State Athletic Conference,II,PA,"www.edinboro.edu
www.gofightingscots.com"
Pepperdine University,West Coast Conference,I,CA,"www.pepperdine.edu/
www.pepperdinewaves.com"
Pfeiffer University,USA South Athletic Conference,III,NC,"www.Pfeiffer.edu
www.gofalconsports.com"
Piedmont University,Collegiate Conference of the South,III,GA,"www.piedmont.edu/
www.piedmontlions.com"
Pittsburg State University,Mid-America Intercollegiate Athletics Association,II,KS,"www.pittstate.edu
www.pittstategorillas.com"
Plattsburgh State University of New York,State University of New York Athletic Conference,III,NY,"www.plattsburgh.edu/
www.gocardinalsports.com/"
Plymouth State University,Little East Conference,III,NH,"www.plymouth.edu/
athletics.plymouth.edu/"
Point Loma Nazarene University,Pacific West Conference,II,CA,"www.pointloma.edu
www.plnusealions.com"
Point Park University,Mountain East Conference,II,PA,"pointpark.edu
pointparksports.com"
Pomona-Pitzer Colleges,Southern California Intercollegiate Athletic Conf.,III,CA,"www.pomona.edu; www.pitzer.edu
www.sagehens.com"
Portland State University,Big Sky Conference,I-FCS,OR,"pdx.edu
goviks.com"
Post University,Central Atlantic Collegiate Conference,II,CT,"www.post.edu
www.posteagles.com"
Prairie View A&M University,Southwestern Athletic Conf.,I-FCS,TX,"www.pvamu.edu
www.pvpanthers.com"
Pratt Institute,Atlantic East Conference,III,NY,"www.pratt.edu
www.goprattgo.com"
Presbyterian College,Big South Conference,I-FCS,SC,"presby.edu
gobluehose.com"
Princeton University,The Ivy League,I-FCS,NJ,"www.princeton.edu
www.goprincetontigers.com"
Principia College,St. Louis Intercollegiate Athletic Conference,III,IL,"www.principiacollege.edu
www.principiaathletics.com"
Providence College,BIG EAST Conference,I,RI,"www.providence.edu/
www.friars.com"
"Purchase College, State University of New York",Skyline Conference,III,NY,"www.purchase.edu
www.purchasecollegeathletics.com"
Purdue University,Big Ten Conference,I-FBS,IN,"www.purdue.edu
purduesports.com"
Purdue University Fort Wayne,Horizon League,I,IN,"www.pfw.edu/
www.gomastodons.com/"
Purdue University Northwest,Great Lakes Intercollegiate Athletic Conference,II,IN,"www.pnw.edu
www.pnwathletics.com"
Queens College (New York),East Coast Conference,II,NY,"www.qc.cuny.edu
www.queensknights.com"
Queens University of Charlotte,Atlantic Sun Conference,I,NC,"www.queens.edu
www.queensathletics.com"
Quincy University,Great Lakes Valley Conference,II,IL,"quincy.edu
quhawks.com"
Quinnipiac University,Metro Conference,I,CT,"www.quinnipiac.edu
www.gobobcats.com"
Radford University,Big South Conference,I,VA,"www.radford.edu/
www.radfordathletics.com"
Ramapo College,New Jersey Athletic Conference,III,NJ,"www.ramapo.edu
www.ramapoathletics.com"
Randolph College,Old Dominion Athletic Conf.,III,VA,"www.randolphcollege.edu
www.randolphwildcats.com"
Randolph-Macon College,Old Dominion Athletic Conf.,III,VA,"www.rmc.edu
www.rmcathletics.com"
Regis College (Massachusetts),Great Northeast Athletic Conference,III,MA,"www.regiscollege.edu/
www.goregispride.com"
Regis University (Colorado),Rocky Mountain Athletic Conference,II,CO,"www.regis.edu
www.regisrangers.com"
Rensselaer Polytechnic Institute,Liberty League,III,NY,"www.rpi.edu
www.rpiathletics.com"
Rhode Island College,Little East Conference,III,RI,"www.ric.edu
www.goanchormen.com"
Rhodes College,Southern Athletic Association,III,TN,"www.rhodes.edu/
www.rhodeslynx.com"
Rice University,American Conference,I-FBS,TX,"www.rice.edu
www.riceowls.com"
Rider University,Metro Conference,I,NJ,"www.rider.edu
www.gobroncs.com"
Ripon College,Midwest Conference,III,WI,"www.ripon.edu
riponredhawks.com/"
Rivier University,Great Northeast Athletic Conference,III,NH,"www.rivier.edu
www.rivierathletics.com"
Roanoke College,Old Dominion Athletic Conf.,III,VA,"www.roanoke.edu/
maroons.roanoke.edu/"
Robert Morris University,Horizon League,I-FCS,PA,"www.rmu.edu
www.rmucolonials.com"
Roberts Wesleyan University,East Coast Conference,II,NY,"www.roberts.edu
www.robertsredhawks.com"
Rochester Institute of Technology,Liberty League,III,NY,"www.rit.edu/
www.ritathletics.com"
Rockford University,Northern Athletics Collegiate Conference,III,IL,"www.rockford.edu
www.rockfordregents.com"
Rockhurst University,Great Lakes Valley Conference,II,MO,"www.rockhurst.edu/
www.rockhursthawks.com/"
Roger Williams University,Conference of New England,III,RI,"www.rwu.edu/
www.rwuhawks.com"
Rogers State University,Mid-America Intercollegiate Athletics Association,II,OK,"www.rsu.edu
www.rsuhillcats.com"
Rollins College,Sunshine State Conference,II,FL,"Rollins.edu
RollinsSports.com"
Roosevelt University,Great Lakes Intercollegiate Athletic Conference,II,IL,"www.roosevelt.edu
www.rooseveltlakers.com"
Rose-Hulman Institute of Technology,Heartland Collegiate Athletic Conference,III,IN,"www.rose-hulman.edu/
www.rose-hulman.edu/athletics"
Rowan University,New Jersey Athletic Conference,III,NJ,"www.rowan.edu/
www.rowanathletics.com"
Russell Sage College,Empire 8,III,NY,"www.sage.edu/
www.sagegators.com"
"Rutgers, The State Univ. of New Jersey, Camden",New Jersey Athletic Conference,III,NJ,"www.camden.rutgers.edu
www.scarletraptors.com"
"Rutgers, The State Univ. of New Jersey, Newark",New Jersey Athletic Conference,III,NJ,"www.newark.rutgers.edu
www.rutgersnewarkathletics.com"
"Rutgers, The State University of New Jersey, New Brunswick",Big Ten Conference,I-FBS,NJ,"www.rutgers.edu
www.scarletknights.com"
Sacred Heart University,Metro Conference,I-FCS,CT,"www.sacredheart.edu
sacredheartpioneers.com"
Saginaw Valley State University,Great Lakes Intercollegiate Athletic Conference,II,MI,"www.svsu.edu
www.svsucardinals.com"
Saint Anselm College,Northeast 10 Conference,II,NH,"www.anselm.edu
www.saintanselmhawks.com"
Saint Elizabeth University,Atlantic East Conference,III,NJ,"www.steu.edu
seueagles.com"
Saint Francis University,Northeast Conference,I-FCS,PA,"www.francis.edu
www.sfuathletics.com"
Saint John's University (Minnesota),Minnesota Intercollegiate Athletic Conference,III,MN,"www.csbsju.edu
www.gojohnnies.com"
Saint Joseph's College (Maine),Great Northeast Athletic Conference,III,ME,"www.sjcme.edu
www.gomonks.com"
Saint Joseph's University,Atlantic 10 Conference,I,PA,"www.sju.edu
sjuhawks.com"
Saint Leo University,Sunshine State Conference,II,FL,"www.saintleo.edu
www.saintleolions.com"
Saint Louis University,Atlantic 10 Conference,I,MO,"www.slu.edu/
www.slubillikens.com"
Saint Martin's University,Great Northwest Athletic Conference,II,WA,"www.stmartin.edu/
www.smusaints.com"
Saint Mary's College (Indiana),Michigan Intercollegiate Athletic Association,III,IN,"www.saintmarys.edu/
belles.saintmarys.edu"
Saint Mary's College of California,West Coast Conference,I,CA,"www.stmarys-ca.edu/
www.SMCGaels.com"
Saint Mary's University of Minnesota,Minnesota Intercollegiate Athletic Conference,III,MN,"www.smumn.edu
www.saintmaryssports.com"
Saint Michael's College,Northeast 10 Conference,II,VT,"www.smcvt.edu
www.smcathletics.com"
Saint Peter's University,Metro Conference,I,NJ,"www.saintpeters.edu.
www.saintpeterspeacocks.com"
Saint Vincent College,Presidents' Athletic Conference,III,PA,"www.stvincent.edu
www.athletics.stvincent.edu"
Salem College (North Carolina),USA South Athletic Conference,III,NC,"www.salem.edu/
www.salem.edu/athletics"
Salem State University,Massachusetts State Collegiate Athletic Conference,III,MA,"www.salemstate.edu
www.salemstatevikings.com"
Salem University (West Virginia),,II,WV,"www.salemu.edu/
www.salemtigers.com"
Salisbury University,Coast-To-Coast Athletic Conference,III,MD,"www.salisbury.edu/
www.suseagulls.com"
Salve Regina University,New England Women's and Men's Athletic Conference,III,RI,"www.salve.edu
www.salveathletics.com"
Sam Houston State University,Conference USA,I-FBS,TX,"www.shsu.edu
www.gobearkats.com"
Samford University,Southern Conference,I-FCS,AL,"www.samford.edu/
samfordsports.com"
San Diego State University,Pac-12 Conference,I-FBS,CA,"www.sdsu.edu
goaztecs.com"
San Francisco State University,California Collegiate Athletic Association,II,CA,"www.sfsu.edu/
sfstategators.com"
San Jose State University,Mountain West Conference,I-FBS,CA,"www.sjsu.edu
www.sjsuspartans.com"
Santa Clara University,West Coast Conference,I,CA,"scu.edu
santaclarabroncos.com"
Sarah Lawrence College,Skyline Conference,III,NY,"www.sarahlawrence.edu
www.gogryphons.com"
Savannah State University,Southern Intercol. Ath. Conf.,II,GA,"www.savannahstate.edu
ssuathletics.com/"
Schreiner University,American Southwest Conference,III,TX,"www.schreiner.edu/
www.schreinermountaineers.com"
Seattle Pacific University,Great Northwest Athletic Conference,II,WA,"spu.edu/
spufalcons.com/index.aspx"
Seattle University,West Coast Conference,I,WA,"seattleu.edu
goseattleu.com"
Seton Hall University,BIG EAST Conference,I,NJ,"www.shu.edu
www.shupirates.com"
Seton Hill University,Pennsylvania State Athletic Conference,II,PA,"www.setonhill.edu/
www.setonhill.edu/athletics"
Shaw University,Central Intercollegiate Athletic Association,II,NC,"www.shawuniversity.edu
www.shawbears.com"
Shenandoah University,Old Dominion Athletic Conf.,III,VA,"www.su.edu
www.suhornets.com"
Shepherd University,Pennsylvania State Athletic Conference,II,WV,"shepherd.edu
shepherdrams.com"
Shippensburg University of Pennsylvania,Pennsylvania State Athletic Conference,II,PA,"www.ship.edu
www.shipraiders.com"
Shorter University,Conference Carolinas,II,GA,"www.shorter.edu
www.goshorterhawks.com"
Siena University,Metro Conference,I,NY,"www.siena.edu
www.sienasaints.com"
Simmons University,Great Northeast Athletic Conference,III,MA,"www.simmons.edu/
athletics.simmons.edu"
Simon Fraser University,Great Northwest Athletic Conference,II,BC,"www.sfu.ca
athletics.sfu.ca/"
Simpson College,American Rivers Conference,III,IA,"www.simpson.edu/
simpsonathletics.com"
Skidmore College,Liberty League,III,NY,"www.skidmore.edu/
skidmoreathletics.com/"
Slippery Rock University of Pennsylvania,Pennsylvania State Athletic Conference,II,PA,"www.sru.edu
www.rockathletics.com"
Smith College,New England Women's and Men's Athletic Conference,III,MA,"www.smith.edu/
www.gosmithbears.com"
Sonoma State University,California Collegiate Athletic Association,II,CA,"www.sonoma.edu/
www.sonomaseawolves.com"
South Carolina State University,Mid-Eastern Athletic Conf.,I-FCS,SC,"www.scsu.edu/
www.scsuathletics.com/index.aspx"
South Dakota School of Mines & Technology,Rocky Mountain Athletic Conference,II,SD,"sdmines.sdsmt.edu/sdsmt
gorockers.com"
South Dakota State University,The Summit League,I-FCS,SD,"www.sdstate.edu
www.gojacks.com"
Southeast Missouri State University,Ohio Valley Conference,I-FCS,MO,"www.semo.edu
www.semoredhawks.com"
Southeastern Louisiana University,Southland Conference,I-FCS,LA,"www.southeastern.edu
www.lionsports.net"
Southeastern Oklahoma State University,Great American Conference,II,OK,"www.se.edu
www.gosoutheastern.com"
Southern Arkansas University,Great American Conference,II,AR,"www.saumag.edu
www.muleriderathletics.com"
Southern Connecticut State University,Northeast 10 Conference,II,CT,"southernct.edu
scsuowls.com"
Southern Illinois University at Carbondale,Missouri Valley Conference,I-FCS,IL,"www.siuc.edu/
www.siusalukis.com/"
Southern Illinois University Edwardsville,Ohio Valley Conference,I,IL,"www.siue.edu
www.siuecougars.com"
Southern Methodist University,Atlantic Coast Conference,I-FBS,TX,"www.smu.edu
www.smumustangs.com"
Southern Nazarene University,Great American Conference,II,OK,"snu.edu
snuathletics.com"
Southern New Hampshire University,Northeast 10 Conference,II,NH,"www.snhu.edu
www.snhupenmen.com"
"Southern University, Baton Rouge",Southwestern Athletic Conf.,I-FCS,LA,"www.subr.edu
www.gojagsports.com"
Southern Utah University,Big Sky Conference,I-FCS,UT,"www.suu.edu
www.suutbirds.com"
Southern Virginia University,USA South Athletic Conference,III,VA,"www.svu.edu
knightathletics.com"
Southern Wesleyan University,Conference Carolinas,II,SC,"www.swu.edu
swuathletics.com"
Southwest Baptist University,Great Lakes Valley Conference,II,MO,"www.sbuniv.edu
www.sbubearcats.com"
Southwest Minnesota State University,Northern Sun Intercollegiate Conference,II,MN,"www.smsu.edu
www.smsumustangs.com"
Southwestern Oklahoma State University,Great American Conference,II,OK,"www.swosu.edu/
www.swosuathletics.com"
Southwestern University (Texas),Southern Athletic Association,III,TX,"www.southwestern.edu
www.southwesternpirates.com"
Spalding University,St. Louis Intercollegiate Athletic Conference,III,KY,"www.spalding.edu
www.spaldingathletics.com"
Spring Hill College,Southern Intercol. Ath. Conf.,II,AL,"www.shc.edu
www.shcbadgers.com"
Springfield College,New England Women's and Men's Athletic Conference,III,MA,"www.springfieldcollege.edu/
springfield.edu/directory/athletics"
St. Bonaventure University,Atlantic 10 Conference,I,NY,"www.sbu.edu
www.gobonnies.com"
St. Catherine University,Minnesota Intercollegiate Athletic Conference,III,MN,"www.stkate.edu/
www.stkatesathletics.com/index.aspx"
St. Cloud State University,Northern Sun Intercollegiate Conference,II,MN,"www.stcloudstate.edu/
www.stcloudstate.edu/athletics"
St. Edward's University,Lone Star Conference,II,TX,"stedwards.edu
gohilltoppers.com"
St. John Fisher University,Empire 8,III,NY,"www.sjf.edu
www.sjfathletics.com"
St. John's University (New York),BIG EAST Conference,I,NY,"www.stjohns.edu
www.redstormsports.com"
St. Joseph's University NY (Brooklyn),Skyline Conference,III,NY,"www.sjny.edu/
sjbkathletics.com/landing/index"
"St. Joseph's University, New York L.I.",Skyline Conference,III,NY,"www.sjny.edu
www.sjliathletics.com"
St. Lawrence University,Liberty League,III,NY,"www.stlawu.edu/
www.saintsathletics.com"
St. Mary's College of Maryland,United East Conference,III,MD,"www.smcm.edu/
www.smcmathletics.com"
St. Mary's University (Texas),Lone Star Conference,II,TX,"www.stmarytx.edu
www.rattlerathletics.com"
St. Norbert College,Northern Athletics Collegiate Conference,III,WI,"www.snc.edu
athletics.snc.edu"
St. Olaf College,Minnesota Intercollegiate Athletic Conference,III,MN,"www.stolaf.edu
athletics.stolaf.edu"
St. Thomas Aquinas College,East Coast Conference,II,NY,"https://www.stac.edu/
https://www.stacathletics.com/landing/index"
Stanford University,Atlantic Coast Conference,I-FBS,CA,"www.stanford.edu
gostanford.com/"
State University of New York at Brockport,Empire 8,III,NY,"www.brockport.edu
gobrockport.com"
State University of New York at Canton,State University of New York Athletic Conference,III,NY,"www.canton.edu/
www.rooathletics.com"
State University of New York at Cobleskill,State University of New York Athletic Conference,III,NY,"www.cobleskill.edu/home.asp
fightingtigers.cobleskill.edu/"
State University of New York at Cortland,State University of New York Athletic Conference,III,NY,"www.cortland.edu
www.cortland.edu/athletics"
State University of New York at Delhi,North Atlantic Conference,III,NY,"www.delhi.edu/
delhibroncos.com/landing/index"
State University of New York at Geneseo,Empire 8,III,NY,"www.geneseo.edu/
www.geneseoknights.com"
State University of New York at Morrisville,State University of New York Athletic Conference,III,NY,"www.morrisville.edu
morrisvillemustangs.com/"
State University of New York at New Paltz,State University of New York Athletic Conference,III,NY,"www.newpaltz.edu/
www.nphawks.com"
State University of New York at Old Westbury,Skyline Conference,III,NY,"www.oldwestbury.edu
www.oldwestburypanthers.com"
State University of New York at Oneonta,State University of New York Athletic Conference,III,NY,"www.suny.oneonta.edu
www.oneontaathletics.com"
State University of New York at Oswego,State University of New York Athletic Conference,III,NY,"www.oswego.edu/index
oswegolakers.com"
State University of New York at Potsdam,State University of New York Athletic Conference,III,NY,"www.potsdam.edu/
www.potsdambears.com"
State University of New York Maritime College,Skyline Conference,III,NY,"www.sunymaritime.edu/
www.maritimeathletics.com"
State University of New York Polytechnic Institute,Empire 8,III,NY,"www.sunypoly.edu
wildcats.sunypoly.edu/landing/index"
Stephen F. Austin State University,Southland Conference,I-FCS,TX,"www.sfasu.edu/
SFAjacks.com"
Stetson University,Atlantic Sun Conference,I-FCS,FL,"www.stetson.edu/
www.gohatters.com"
Stevens Institute of Technology,Middle Atlantic Conferences,III,NJ,"www.stevens.edu
www.stevensducks.com"
Stevenson University,Middle Atlantic Conferences,III,MD,"www.stevenson.edu
www.gomustangsports.com"
Stockton University,New Jersey Athletic Conference,III,NJ,"www.stockton.edu
www.stocktonathletics.com"
Stonehill College,Northeast Conference,I-FCS,MA,"www.stonehill.edu
www.stonehillskyhawks.com"
Stony Brook University,Coastal Athletic Association,I-FCS,NY,"stonybrook.edu
stonybrookathletics.com"
Suffolk University,Conference of New England,III,MA,"www.suffolk.edu/
www.gosuffolkrams.com"
Sul Ross State University,Lone Star Conference,II,TX,"www.sulross.edu/
www.srlobos.com"
Susquehanna University,Landmark Conference,III,PA,"www.susqu.edu
www.gosusqu.com"
Swarthmore College,Centennial Conference,III,PA,"www.swarthmore.edu/
https://swarthmoreathletics.com/"
Sweet Briar College,Old Dominion Athletic Conf.,III,VA,"www.sbc.edu
www.vixenathletics.com"
Syracuse University,Atlantic Coast Conference,I-FBS,NY,"syracuse.edu
cuse.com"
Tarleton State University,United Athletic Conference,I-FCS,TX,"www.tarleton.edu/
tarletonsports.com"
Temple University,American Conference,I-FBS,PA,"www.temple.edu
www.owlsports.com"
Tennessee State University,Ohio Valley Conference,I-FCS,TN,"www.tnstate.edu/
www.tsutigers.com"
Tennessee Technological University,Ohio Valley Conference,I-FCS,TN,"www.tntech.edu/
www.TTUsports.com/"
Texas A&M International University,Lone Star Conference,II,TX,"www.tamiu.edu
godustdevils.com"
"Texas A&M University, College Station",Southeastern Conference,I-FBS,TX,"www.tamu.edu
www.12thman.com"
Texas A&M University-Corpus Christi,Southland Conference,I,TX,"www.tamucc.edu/
www.goislanders.com"
Texas A&M University-Kingsville,Lone Star Conference,II,TX,"www.tamuk.edu/
www.javelinaathletics.com"
Texas Christian University,Big 12 Conference,I-FBS,TX,"www.tcu.edu
www.gofrogs.com"
Texas Lutheran University,Southern Collegiate Athletic Conference,III,TX,"tlu.edu
tlubulldogs.com"
Texas Southern University,Southwestern Athletic Conf.,I-FCS,TX,"www.tsu.edu
www.tsusports.com"
Texas State University,Sun Belt Conference,I-FBS,TX,"www.txstate.edu
txstatebobcats.com"
Texas Tech University,Big 12 Conference,I-FBS,TX,"www.ttu.edu
www.texastech.com"
Texas Woman's University,Lone Star Conference,II,TX,"www.twu.edu
www.twuathletics.com"
The Citadel,Southern Conference,I-FCS,SC,"www.citadel.edu
www.citadelsports.com"
The City College of New York,City University of New York Athletic Conference,III,NY,"www.ccny.cuny.edu
www.ccnyathletics.com"
The College of New Jersey,New Jersey Athletic Conference,III,NJ,"www.tcnj.edu
www.tcnjathletics.com"
The College of St. Scholastica,Minnesota Intercollegiate Athletic Conference,III,MN,"www.css.edu/
www.csssaints.com"
The College of Wooster,North Coast Athletic Conference,III,OH,"www.wooster.edu
www.woosterathletics.com"
The Ohio State University,Big Ten Conference,I-FBS,OH,"https://www.osu.edu/
ohiostatebuckeyes.com/"
The State University of New York at Fredonia,State University of New York Athletic Conference,III,NY,"www.fredonia.edu
www.fredoniabluedevils.com"
The University of North Carolina at Charlotte,American Conference,I-FBS,NC,"www.charlotte.edu
www.charlotte49ers.com"
The University of North Carolina at Greensboro,Southern Conference,I,NC,"www.uncg.edu
www.uncgspartans.com"
The University of Olivet,Michigan Intercollegiate Athletic Association,III,MI,"www.uolivet.edu
www.olivetcomets.com"
The University of Southern Mississippi,Sun Belt Conference,I-FBS,MS,"www.usm.edu
www.southernmiss.com"
The University of Texas at Tyler,Lone Star Conference,II,TX,"www.uttyler.edu
www.uttylerpatriots.com"
The University of Texas Permian Basin,Lone Star Conference,II,TX,"www.utpb.edu/
www.utpbfalcons.com"
The University of Texas Rio Grande Valley,Southland Conference,I-FCS,TX,"www.utrgv.edu
goutrgv.com"
The University of Tulsa,American Conference,I-FBS,OK,"www.utulsa.edu
www.tulsahurricane.com"
The University of Virginia's College at Wise,South Atlantic Conference,II,VA,"www.uvawise.edu
www.uvawisecavs.com"
Thiel College,Presidents' Athletic Conference,III,PA,"www.thiel.edu
www.thielathletics.com"
Thomas College,North Atlantic Conference,III,ME,"www.thomas.edu/
www.thomasathletics.com"
Thomas Jefferson University,Central Atlantic Collegiate Conference,II,PA,"www.jefferson.edu
www.jeffersonrams.com"
Thomas More University,Great Midwest Athletic Conference,II,KY,"www.thomasmore.edu
www.thomasmoresaints.com"
Tiffin University,Great Midwest Athletic Conference,II,OH,"tiffin.edu
www.gotiffindragons.com"
Towson University,Coastal Athletic Association,I-FCS,MD,"www.towson.edu
www.towsontigers.com"
Transylvania University,Heartland Collegiate Athletic Conference,III,KY,"www.transy.edu/
www.transysports.com"
Trevecca Nazarene University,Gulf South Conference,II,TN,"www.trevecca.edu
www.tnutrojans.com"
Trine University,Michigan Intercollegiate Athletic Association,III,IN,"www.trine.edu
www.trinethunder.com"
Trinity College (Connecticut),New England Small College Athletic Conference,III,CT,"www.trincoll.edu
www.bantamsports.com"
Trinity University (Texas),Southern Athletic Association,III,TX,"www.trinity.edu
www.trinitytigers.com"
Troy University,Sun Belt Conference,I-FBS,AL,"troy.edu
troytrojans.com"
Truman State University,Great Lakes Valley Conference,II,MO,"www.truman.edu/
www.trumanbulldogs.com"
Tufts University,New England Small College Athletic Conference,III,MA,"www.tufts.edu/
www.gotuftsjumbos.com/landing/index"
Tulane University,American Conference,I-FBS,LA,"www.tulane.edu
www.tulanegreenwave.com"
Tusculum University,South Atlantic Conference,II,TN,"www.tusculum.edu
www.tusculumpioneers.com"
Tuskegee University,Southern Intercol. Ath. Conf.,II,AL,"www.tuskegee.edu
www.goldentigersports.com/"
U.S. Air Force Academy,Mountain West Conference,I-FBS,CO,"usafa.edu
www.goairforcefalcons.com/"
U.S. Coast Guard Academy,New England Women's and Men's Athletic Conference,III,CT,"www.uscga.edu/
https://coastguardathletics.com/index.aspx"
U.S. Merchant Marine Academy,Skyline Conference,III,NY,"usmma.edu
usmmasports.com"
U.S. Military Academy,Patriot League,I-FBS,NY,"www.westpoint.edu
goarmywestpoint.com/index.aspx"
U.S. Naval Academy,Patriot League,I-FBS,MD,"www.usna.edu/
www.navysports.com"
Union College (New York),Liberty League,III,NY,"www.union.edu/
www.unionathletics.com/"
Union University,Gulf South Conference,II,TN,"www.uu.edu
www.uuathletics.com"
University at Albany,America East Conference,I-FCS,NY,"www.albany.edu
www.ualbanysports.com"
"University at Buffalo, the State University of New York",Mid-American Conference,I-FBS,NY,"www.buffalo.edu
www.ubbulls.com"
University of Akron,Mid-American Conference,I-FBS,OH,"uakron.edu
gozips.com"
University of Alabama,Southeastern Conference,I-FBS,AL,"www.ua.edu
www.rolltide.com"
University of Alabama at Birmingham,American Conference,I-FBS,AL,"www.uab.edu
www.uabsports.com"
University of Alabama in Huntsville,Gulf South Conference,II,AL,"uah.edu
uahchargers.com"
University of Alaska Anchorage,Great Northwest Athletic Conference,II,AK,"www.uaa.alaska.edu
www.goseawolves.com"
University of Alaska Fairbanks,Great Northwest Athletic Conference,II,AK,"www.uaf.edu
www.AlaskaNanooks.com"
University of Arizona,Big 12 Conference,I-FBS,AZ,"www.arizona.edu
www.arizonawildcats.com"
University of Arkansas at Little Rock,United Athletic Conference,I,AR,"www.ualr.edu
//lrtrojans.com"
"University of Arkansas, Fayetteville",Southeastern Conference,I-FBS,AR,"www.uark.edu/
arkansasrazorbacks.com/"
"University of Arkansas, Fort Smith",Mid-America Intercollegiate Athletics Association,II,AR,"www.uafs.edu/Home/Index
www.uafortsmithlions.com"
"University of Arkansas, Monticello",Great American Conference,II,AR,"www.uamont.edu
www.uamsports.com"
"University of Arkansas, Pine Bluff",Southwestern Athletic Conf.,I-FCS,AR,"www.uapb.edu
uapblionsroar.com/"
University of Bridgeport,Central Atlantic Collegiate Conference,II,CT,"www.bridgeport.edu
www.ubknights.com"
"University of California, Berkeley",Atlantic Coast Conference,I-FBS,CA,"www.berkeley.edu
www.calbears.com"
"University of California, Davis",Mountain West Conference,I-FCS,CA,"www.ucdavis.edu
www.ucdavisaggies.com"
"University of California, Irvine",Big West Conference,I,CA,"www.uci.edu
https://ucirvinesports.com/"
"University of California, Los Angeles",Big Ten Conference,I-FBS,CA,"www.ucla.edu
www.uclabruins.com"
"University of California, Merced",California Collegiate Athletic Association,II,CA,"www.ucmerced.edu
www.ucmercedbobcats.com"
"University of California, Riverside",Big West Conference,I,CA,"www.ucr.edu
www.gohighlanders.com/"
"University of California, San Diego",Big West Conference,I,CA,"www.ucsd.edu
www.ucsdtritons.com"
"University of California, Santa Barbara",Big West Conference,I,CA,"www.ucsb.edu
ucsbgauchos.com"
"University of California, Santa Cruz",Coast-To-Coast Athletic Conference,III,CA,"www.ucsc.edu/
www.goslugs.com/"
University of Central Arkansas,United Athletic Conference,I-FCS,AR,"www.uca.edu
www.ucasports.com"
University of Central Florida,Big 12 Conference,I-FBS,FL,"www.ucf.edu
www.ucfknights.com/"
University of Central Missouri,Mid-America Intercollegiate Athletics Association,II,MO,"www.ucmo.edu
ucmathletics.com"
University of Central Oklahoma,Mid-America Intercollegiate Athletics Association,II,OK,"www.uco.edu
www.bronchosports.com"
University of Charleston (West Virginia),Mountain East Conference,II,WV,"www.ucwv.edu
www.ucgoldeneagles.com"
University of Chicago,University Athletic Association,III,IL,"www.uchicago.edu
athletics.uchicago.edu/landing/index"
University of Cincinnati,Big 12 Conference,I-FBS,OH,"uc.edu
gobearcats.com/"
University of Colorado Boulder,Big 12 Conference,I-FBS,CO,"www.colorado.edu/
www.cubuffs.com/"
University of Colorado Colorado Springs,Rocky Mountain Athletic Conference,II,CO,"www.uccs.edu
www.gomountainlions.com"
University of Connecticut,BIG EAST Conference,I-FBS,CT,"www.uconn.edu
www.uconnhuskies.com"
University of Dallas,Southern Collegiate Athletic Conference,III,TX,"www.udallas.edu
www.udallasathletics.com"
University of Dayton,Atlantic 10 Conference,I-FCS,OH,"www.udayton.edu
www.daytonflyers.com"
University of Delaware,Conference USA,I-FBS,DE,"www.udel.edu
www.bluehens.com"
University of Denver,The Summit League,I,CO,"www.du.edu
denverpioneers.com"
University of Detroit Mercy,Horizon League,I,MI,"www.udmercy.edu
www.detroittitans.com"
University of Dubuque,American Rivers Conference,III,IA,"www.dbq.edu
www.dbq.edu/Athletics/"
University of Evansville,Missouri Valley Conference,I,IN,"www.evansville.edu
www.gopurpleaces.com"
University of Findlay,Great Midwest Athletic Conference,II,OH,"www.findlay.edu
findlayoilers.com"
University of Florida,Southeastern Conference,I-FBS,FL,"www.ufl.edu
www.floridagators.com"
University of Georgia,Southeastern Conference,I-FBS,GA,"www.uga.edu
www.georgiadogs.com"
University of Hartford,Conference of New England,III,CT,"www.hartford.edu
hartfordhawks.com"
University of Hawaii at Hilo,Pacific West Conference,II,HI,"www.uhh.hawaii.edu
hiloathletics.com"
"University of Hawaii, Manoa",Mountain West Conference,I-FBS,HI,"manoa.hawaii.edu
hawaiiathletics.com"
University of Houston,Big 12 Conference,I-FBS,TX,"www.uh.edu
www.uhcougars.com"
University of Idaho,Big Sky Conference,I-FCS,ID,"www.uidaho.edu/
www.govandals.com"
University of Illinois Chicago,Missouri Valley Conference,I,IL,"www.uic.edu
www.uicflames.com"
University of Illinois Springfield,Great Lakes Valley Conference,II,IL,"www.uis.edu
www.uisprairiestars.com"
University of Illinois Urbana-Champaign,Big Ten Conference,I-FBS,IL,"illinois.edu
www.fightingillini.com"
University of Indianapolis,Great Lakes Valley Conference,II,IN,"www.uindy.edu
uindyathletics.com"
University of Iowa,Big Ten Conference,I-FBS,IA,"www.uiowa.edu
www.hawkeyesports.com"
University of Jamestown,Northern Sun Intercollegiate Conference,II,ND,"uj.edu
jimmiepride.com"
University of Kansas,Big 12 Conference,I-FBS,KS,"ku.edu
kuathletics.com"
University of Kentucky,Southeastern Conference,I-FBS,KY,"www.uky.edu
www.ukathletics.com"
University of La Verne,Southern California Intercollegiate Athletic Conf.,III,CA,"www.laverne.edu
www.leopardathletics.com"
University of Louisiana at Lafayette,Sun Belt Conference,I-FBS,LA,"www.louisiana.edu
www.ragincajuns.com"
University of Louisiana Monroe,Sun Belt Conference,I-FBS,LA,"www.ulm.edu
www.ulmwarhawks.com"
University of Louisville,Atlantic Coast Conference,I-FBS,KY,"www.louisville.edu/
www.gocards.com"
University of Lynchburg,Old Dominion Athletic Conf.,III,VA,"www.lynchburg.edu/
www.lynchburgsports.com/landing/index"
University of Maine,America East Conference,I-FCS,ME,"umaine.edu
goblackbears.com"
University of Maine at Presque Isle,North Atlantic Conference,III,ME,"www.umpi.edu
owls.umpi.edu/landing/index"
"University of Maine, Farmington",North Atlantic Conference,III,ME,"umf.maine.edu/
www.goUMFbeavers.com"
University of Mary,Northern Sun Intercollegiate Conference,II,ND,"www.umary.edu/
www.goumary.com"
University of Mary Hardin-Baylor,American Southwest Conference,III,TX,"www.umhb.edu
www.umhb.edu/athletics"
University of Mary Washington,Coast-To-Coast Athletic Conference,III,VA,"www.umw.edu/
www.umweagles.com"
University of Maryland Eastern Shore,Mid-Eastern Athletic Conf.,I,MD,"wwwcp.umes.edu
https://umeshawksports.com/"
"University of Maryland, Baltimore County",America East Conference,I,MD,"www.umbc.edu/
UMBCRetrievers.com"
"University of Maryland, College Park",Big Ten Conference,I-FBS,MD,"www.umd.edu
www.umterps.com"
University of Massachusetts Boston,Little East Conference,III,MA,"www.umb.edu/
www.beaconsathletics.com"
University of Massachusetts Lowell,America East Conference,I,MA,"www.uml.edu/
www.goriverhawks.com"
"University of Massachusetts, Amherst",Mid-American Conference,I-FBS,MA,"www.umass.edu
www.umassathletics.com"
"University of Massachusetts, Dartmouth",Little East Conference,III,MA,"www.umassd.edu
www.corsairathletics.com"
University of Memphis,American Conference,I-FBS,TN,"www.memphis.edu
www.gotigersgo.com"
University of Miami (Florida),Atlantic Coast Conference,I-FBS,FL,"www.miami.edu
miamihurricanes.com"
University of Michigan,Big Ten Conference,I-FBS,MI,"www.umich.edu
www.mgoblue.com"
University of Minnesota Duluth,Northern Sun Intercollegiate Conference,II,MN,"www.d.umn.edu/
umdbulldogs.com/"
"University of Minnesota, Crookston",Northern Sun Intercollegiate Conference,II,MN,"www.umcrookston.edu
www.goldeneaglesports.com/"
"University of Minnesota, Morris",Upper Midwest Athletic Conference,III,MN,"www.morris.umn.edu
www.morriscougars.com"
"University of Minnesota, Twin Cities",Big Ten Conference,I-FBS,MN,"www.umn.edu
www.gophersports.com"
University of Mississippi,Southeastern Conference,I-FBS,MS,"www.olemiss.edu
www.olemisssports.com"
"University of Missouri, Columbia",Southeastern Conference,I-FBS,MO,"www.missouri.edu
www.mutigers.com"
University of Missouri-Kansas City,The Summit League,I,MO,"www.umkc.edu
www.kcroos.com"
University of Missouri-St. Louis,Great Lakes Valley Conference,II,MO,"umsl.edu
umsltritons.com"
University of Montana,Big Sky Conference,I-FCS,MT,"www.umt.edu
www.gogriz.com"
University of Montevallo,Gulf South Conference,II,AL,"www.montevallo.edu
www.montevallofalcons.com"
University of Mount Olive,Conference Carolinas,II,NC,"www.umo.edu
www.umotrojans.com"
University of Mount Saint Vincent,Skyline Conference,III,NY,"www.mountsaintvincent.edu
umsvathletics.com/"
University of Mount Union,Ohio Athletic Conference,III,OH,"www.mountunion.edu
athletics.mountunion.edu"
University of Nebraska at Kearney,Mid-America Intercollegiate Athletics Association,II,NE,"www.unk.edu
www.lopers.com"
University of Nebraska at Omaha,The Summit League,I,NE,"www.unomaha.edu/
www.omavs.com"
University of Nebraska-Lincoln,Big Ten Conference,I-FBS,NE,"www.unl.edu
www.huskers.com"
"University of Nevada, Las Vegas",Mountain West Conference,I-FBS,NV,"www.unlv.edu/
unlvrebels.com"
"University of Nevada, Reno",Mountain West Conference,I-FBS,NV,"www.unr.edu
nevadawolfpack.com"
University of New England,Conference of New England,III,ME,"www.une.edu
athletics.une.edu"
University of New Hampshire,America East Conference,I-FCS,NH,"www.unh.edu
www.unhwildcats.com"
University of New Haven,Northeast Conference,II,CT,"www.newhaven.edu
www.newhavenchargers.com"
University of New Mexico,Mountain West Conference,I-FBS,NM,"www.unm.edu/
www.golobos.com"
University of North Alabama,United Athletic Conference,I-FCS,AL,"www.una.edu
www.roarlions.com"
University of North Carolina Asheville,Big South Conference,I,NC,"www.unca.edu
www.uncabulldogs.com"
University of North Carolina at Pembroke,Conference Carolinas,II,NC,"www.uncp.edu
www.uncpbraves.com"
University of North Carolina Wilmington,Coastal Athletic Association,I,NC,"www.uncw.edu
www.uncwsports.com"
"University of North Carolina, Chapel Hill",Atlantic Coast Conference,I-FBS,NC,"www.unc.edu
www.goheels.com"
University of North Dakota,The Summit League,I-FCS,ND,"www.und.edu/
www.fightinghawks.com"
University of North Florida,Atlantic Sun Conference,I,FL,"www.unf.edu
www.unfospreys.com"
University of North Georgia,Peach Belt Conference,II,GA,"www.ung.edu/
www.ungathletics.com"
University of North Texas,American Conference,I-FBS,TX,"www.unt.edu
www.meangreensports.com"
University of Northern Colorado,Big Sky Conference,I-FCS,CO,"https://www.unco.edu/
uncbears.com"
University of Northern Iowa,Missouri Valley Conference,I-FCS,IA,"uni.edu
unipanthers.com"
University of Northwestern-St. Paul,Upper Midwest Athletic Conference,III,MN,"www.unwsp.edu
unweagles.com"
University of Notre Dame,Atlantic Coast Conference,I-FBS,IN,"www.nd.edu
www.fightingirish.com/"
University of Oklahoma,Southeastern Conference,I-FBS,OK,"www.ou.edu
soonersports.com"
University of Oregon,Big Ten Conference,I-FBS,OR,"www.uoregon.edu
www.goducks.com"
University of Pennsylvania,The Ivy League,I-FCS,PA,"www.upenn.edu/
www.pennathletics.com"
University of Pittsburgh,Atlantic Coast Conference,I-FBS,PA,"www.pitt.edu
www.pittsburghpanthers.com"
"University of Pittsburgh, Bradford",Allegheny Mountain Collegiate Conference,III,PA,"www.upb.pitt.edu/
athletics.pittbradford.org/landing/index"
"University of Pittsburgh, Greensburg",Allegheny Mountain Collegiate Conference,III,PA,"www.greensburg.pitt.edu/
pittgreensburgathletics.com/"
"University of Pittsburgh, Johnstown",Pennsylvania State Athletic Conference,II,PA,"www.upj.pitt.edu
pittjohnstownathletics.com/"
University of Portland,West Coast Conference,I,OR,"www.up.edu
www.portlandpilots.com"
"University of Puerto Rico, Bayamon",,II,PR,"www.uprb.edu
www.uprb.edu"
"University of Puerto Rico, Mayaguez",,II,PR,"www.uprm.edu
www.uprm.edu/actividadesatleticas"
"University of Puerto Rico, Rio Piedras",,II,PR,"www.uprrp.edu
https://estudiantes.uprrp.edu/desarollo-estudiantil/departamento-atletico/"
University of Puget Sound,Northwest Conference,III,WA,"www.pugetsound.edu
www.loggerathletics.com"
University of Redlands,Southern California Intercollegiate Athletic Conf.,III,CA,"www.redlands.edu
www.goredlands.com"
University of Rhode Island,Atlantic 10 Conference,I-FCS,RI,"www.uri.edu
www.gorhody.com"
University of Richmond,Atlantic 10 Conference,I-FCS,VA,"www.richmond.edu
richmondspiders.com/"
University of Rochester,University Athletic Association,III,NY,"www.rochester.edu/
www.rochester.edu/athletics"
University of Saint Joseph (Connecticut),Great Northeast Athletic Conference,III,CT,"www.usj.edu
www.usjbluejays.com"
University of San Diego,West Coast Conference,I-FCS,CA,"www.sandiego.edu
www.usdtoreros.com"
University of San Francisco,West Coast Conference,I,CA,"www.usfca.edu
usfdons.com/index.aspx"
University of Scranton,Landmark Conference,III,PA,"www.scranton.edu
athletics.scranton.edu"
University of Sioux Falls,Northern Sun Intercollegiate Conference,II,SD,"www.usiouxfalls.edu
www.usfcougars.com"
University of South Alabama,Sun Belt Conference,I-FBS,AL,"www.southalabama.edu
www.usajaguars.com"
University of South Carolina Aiken,Peach Belt Conference,II,SC,"www.usca.edu
www.pacersports.com"
University of South Carolina Beaufort,Peach Belt Conference,II,SC,"uscb.edu
uscbathletics.com"
University of South Carolina Upstate,Big South Conference,I,SC,"www.uscupstate.edu
www.upstatespartans.com"
"University of South Carolina, Columbia",Southeastern Conference,I-FBS,SC,"www.sc.edu
gamecocksonline.com"
University of South Dakota,The Summit League,I-FCS,SD,"www.usd.edu
www.goyotes.com"
University of South Florida,American Conference,I-FBS,FL,"www.usf.edu/
www.gousfbulls.com/"
University of Southern California,Big Ten Conference,I-FBS,CA,"usc.edu
usctrojans.com"
University of Southern Indiana,Ohio Valley Conference,I,IN,"www.usi.edu/
www.usiscreamingeagles.com/"
University of Southern Maine,Little East Conference,III,ME,"www.usm.maine.edu
www.southernmainehuskies.com"
University of St. Thomas (Minnesota),The Summit League,I-FCS,MN,"www.stthomas.edu
www.Tommiesports.com"
University of St. Thomas (Texas),Southern Collegiate Athletic Conference,III,TX,"www.stthom.edu/
www.ustcelts.com"
University of Tampa,Sunshine State Conference,II,FL,"www.ut.edu
https://www.tampaspartans.com/landing/index"
University of Tennessee at Chattanooga,Southern Conference,I-FCS,TN,"www.utc.edu
www.gomocs.com"
University of Tennessee at Martin,Ohio Valley Conference,I-FCS,TN,"www.utm.edu/
www.utmsports.com"
"University of Tennessee, Knoxville",Southeastern Conference,I-FBS,TN,"www.utk.edu
www.utsports.com"
University of Texas at Arlington,United Athletic Conference,I,TX,"www.uta.edu
www.utamavs.com"
University of Texas at Austin,Southeastern Conference,I-FBS,TX,"www.utexas.edu
www.TexasLonghorns.com"
University of Texas at Dallas,Lone Star Conference,II,TX,"www.utdallas.edu/
utdcomets.com"
University of Texas at El Paso,Mountain West Conference,I-FBS,TX,"www.utep.edu
www.utepminers.com"
University of Texas at San Antonio,American Conference,I-FBS,TX,"www.utsa.edu
www.goutsa.com"
University of the District of Columbia,East Coast Conference,II,DC,"www.udc.edu
www.udcfirebirds.com"
University of the Incarnate Word,Southland Conference,I-FCS,TX,"www.uiw.edu
uiwcardinals.com"
University of the Ozarks (Arkansas),Southern Collegiate Athletic Conference,III,AR,"www.ozarks.edu/
www.uofoathletics.com/landing/index"
University of the Pacific,West Coast Conference,I,CA,"www.pacific.edu
www.pacifictigers.com"
University of the South,Southern Athletic Association,III,TN,"www.sewanee.edu/
sewaneetigers.com/"
University of Toledo,Mid-American Conference,I-FBS,OH,"www.utoledo.edu
www.utrockets.com"
University of Utah,Big 12 Conference,I-FBS,UT,"www.utah.edu/
utahutes.com/"
University of Valley Forge,United East Conference,III,PA,"valleyforge.edu
uvfpatriots.com"
University of Vermont,America East Conference,I,VT,"www.uvm.edu
www.uvmathletics.com"
University of Virginia,Atlantic Coast Conference,I-FBS,VA,"www.virginia.edu
www.virginiasports.com"
University of Washington,Big Ten Conference,I-FBS,WA,"www.washington.edu/
www.gohuskies.com"
University of West Alabama,Gulf South Conference,II,AL,"www.uwa.edu/
www.uwaathletics.com"
University of West Florida,Atlantic Sun Conference,II,FL,"www.uwf.edu
www.goargos.com"
University of West Georgia,United Athletic Conference,II,GA,"www.westga.edu
www.uwgathletics.com"
University of Wisconsin-Eau Claire,Wisconsin Intercollegiate Athletic Conference,III,WI,"www.uwec.edu/
www.blugolds.com"
University of Wisconsin-Green Bay,Horizon League,I,WI,"www.uwgb.edu
greenbayphoenix.com"
University of Wisconsin-La Crosse,Wisconsin Intercollegiate Athletic Conference,III,WI,"www.uwlax.edu
www.uwlathletics.com"
University of Wisconsin-Madison,Big Ten Conference,I-FBS,WI,"www.wisc.edu/
www.uwbadgers.com"
University of Wisconsin-Milwaukee,Horizon League,I,WI,"www.uwm.edu
www.mkepanthers.com"
University of Wisconsin-Oshkosh,Wisconsin Intercollegiate Athletic Conference,III,WI,"https://www.uwosh.edu/
https://uwoshkoshtitans.com/"
University of Wisconsin-Parkside,Great Lakes Intercollegiate Athletic Conference,II,WI,"www.uwp.edu
www.parksiderangers.com"
University of Wisconsin-Platteville,Wisconsin Intercollegiate Athletic Conference,III,WI,"www.uwplatt.edu
www.letsgopioneers.com"
University of Wisconsin-River Falls,Wisconsin Intercollegiate Athletic Conference,III,WI,"www.uwrf.edu/
www.uwrfsports.com"
University of Wisconsin-Stevens Point,Wisconsin Intercollegiate Athletic Conference,III,WI,"www.uwsp.edu/
athletics.uwsp.edu"
University of Wisconsin-Stout Polytechnic,Wisconsin Intercollegiate Athletic Conference,III,WI,"www.uwstout.edu/
stoutbluedevils.com"
University of Wisconsin-Superior,Upper Midwest Athletic Conference,III,WI,"www.uwsuper.edu/
www.uwsyellowjackets.com"
University of Wisconsin-Whitewater,Wisconsin Intercollegiate Athletic Conference,III,WI,"www.uww.edu/
www.uwwsports.com"
University of Wyoming,Mountain West Conference,I-FBS,WY,"www.uwyo.edu
www.gowyo.com"
Upper Iowa University,Great Lakes Valley Conference,II,IA,"www.uiu.edu/
uiupeacocks.com/"
Ursinus College,Centennial Conference,III,PA,"www.ursinus.edu/
www.ursinusathletics.com"
Ursuline College,Great Midwest Athletic Conference,II,OH,"www.ursuline.edu
www.ursulinearrows.com"
Utah State University,Pac-12 Conference,I-FBS,UT,"www.usu.edu
www.utahstateaggies.com"
Utah Tech University,Big Sky Conference,I-FCS,UT,"utahtech.edu
utahtechtrailblazers.com/"
Utah Valley University,Big West Conference,I,UT,"www.uvu.edu
www.gouvu.com"
Utica University,Empire 8,III,NY,"www.utica.edu
www.uticapioneers.com"
Valdosta State University,Gulf South Conference,II,GA,"www.valdosta.edu
www.vstateblazers.com"
Valparaiso University,Missouri Valley Conference,I-FCS,IN,"www.valpo.edu/
www.valpoathletics.com"
Vanderbilt University,Southeastern Conference,I-FBS,TN,"vanderbilt.edu
vucommodores.com"
Vanguard University,Pacific West Conference,II,CA,"www.vanguard.edu
www.vanguardlions.com"
Vassar College,Liberty League,III,NY,"www.vassar.edu
www.vassarathletics.com/"
Vermont State University Castleton,Little East Conference,III,VT,"www.castleton.edu
www.castletonsports.com/landing/index"
Vermont State University Lyndon,North Atlantic Conference,III,VT,"vermontstate.edu
www.lyndonhornets.com"
Vermont State University-Johnson,North Atlantic Conference,III,VT,"https://vermontstate.edu/
nvubadgers.com/landing/index"
Villanova University,BIG EAST Conference,I-FCS,PA,"www.villanova.edu
www.villanova.com"
Virginia Commonwealth University,Atlantic 10 Conference,I,VA,"www.vcu.edu
www.vcuathletics.com"
Virginia Military Institute,Southern Conference,I-FCS,VA,"www.vmi.edu
www.vmikeydets.com"
Virginia Polytechnic Institute and State University,Atlantic Coast Conference,I-FBS,VA,"www.vt.edu
www.hokiesports.com"
Virginia State University,Central Intercollegiate Athletic Association,II,VA,"www.vsu.edu/
www.govsutrojans.com"
Virginia Union University,Central Intercollegiate Athletic Association,II,VA,"www.vuu.edu/
vuusports.com/"
Wabash College,North Coast Athletic Conference,III,IN,"www.wabash.edu
sports.wabash.edu"
Wagner College,Northeast Conference,I-FCS,NY,"www.wagner.edu
www.wagnerathletics.com"
Wake Forest University,Atlantic Coast Conference,I-FBS,NC,"www.wfu.edu
www.godeacs.com"
Walsh University,Great Midwest Athletic Conference,II,OH,"https://www.walsh.edu/
athletics.walsh.edu/landing/index"
Warren Wilson College,Coast-To-Coast Athletic Conference,III,NC,"www.warren-wilson.edu/
warrenwilsonowls.com/landing/index"
Wartburg College,American Rivers Conference,III,IA,"www.wartburg.edu
www.go-knights.net"
Washburn University,Mid-America Intercollegiate Athletics Association,II,KS,"www.washburn.edu
www.wusports.com"
Washington and Jefferson College,Presidents' Athletic Conference,III,PA,"www.washjeff.edu
www.gopresidents.com"
Washington and Lee University,Old Dominion Athletic Conf.,III,VA,"www.wlu.edu
generalssports.com"
Washington College (Maryland),Centennial Conference,III,MD,"www.washcoll.edu/
www.WashingtonCollegeSports.com"
Washington State University,Pac-12 Conference,I-FBS,WA,"www.wsu.edu
www.wsucougars.com"
Washington University in St. Louis,University Athletic Association,III,MO,"www.washu.edu
washubears.com"
Wayne State College (Nebraska),Northern Sun Intercollegiate Conference,II,NE,"www.wsc.edu/
www.wscwildcats.com/"
Wayne State University (Michigan),Great Lakes Intercollegiate Athletic Conference,II,MI,"www.wayne.edu
www.wsuathletics.com"
Waynesburg University,Presidents' Athletic Conference,III,PA,"www.waynesburg.edu/
www.waynesburgsports.com"
Weber State University,Big Sky Conference,I-FCS,UT,"www.weber.edu
www.weberstatesports.com/"
Webster University,St. Louis Intercollegiate Athletic Conference,III,MO,"www.webster.edu/
websterathletics.com"
Wellesley College,New England Women's and Men's Athletic Conference,III,MA,"www.wellesley.edu
www.wellesleyblue.com"
Wentworth Institute of Technology,Conference of New England,III,MA,"www.wit.edu
www.wentworthathletics.com"
Wesleyan University (Connecticut),New England Small College Athletic Conference,III,CT,"www.wesleyan.edu/
www.wesleyan.edu/athletics"
West Chester University of Pennsylvania,Pennsylvania State Athletic Conference,II,PA,"www.wcupa.edu/
www.wcupagoldenrams.com"
West Liberty University,Mountain East Conference,II,WV,"www.westliberty.edu
www.hilltoppersports.com"
West Texas A&M University,Lone Star Conference,II,TX,"www.wtamu.edu
www.gobuffsgo.com"
West Virginia State University,Mountain East Conference,II,WV,"www.wvstateu.edu
www.wvsuyellowjackets.com"
West Virginia University,Big 12 Conference,I-FBS,WV,"www.wvu.edu
www.wvusports.com"
West Virginia Wesleyan College,Mountain East Conference,II,WV,"wvwc.edu
wesleyanbobcats.com"
Western Carolina University,Southern Conference,I-FCS,NC,"www.wcu.edu/
www.catamountsports.com"
Western Colorado University,Rocky Mountain Athletic Conference,II,CO,"www.western.edu
www.gomountaineers.com"
Western Connecticut State University,Little East Conference,III,CT,"www.wcsu.edu/
www.westconnathletics.com"
Western Illinois University,Ohio Valley Conference,I-FCS,IL,"www.wiu.edu
www.goleathernecks.com"
Western Kentucky University,Conference USA,I-FBS,KY,"www.wku.edu
www.wkusports.com"
Western Michigan University,Mid-American Conference,I-FBS,MI,"www.wmich.edu
www.wmubroncos.com"
Western New England University,Conference of New England,III,MA,"www.wne.edu/
www.wnegoldenbears.com"
Western New Mexico University,Lone Star Conference,II,NM,"www.wnmu.edu
www.wnmumustangs.com"
Western Oregon University,Great Northwest Athletic Conference,II,OR,"www.wou.edu
www.wouwolves.com"
Western Washington University,Great Northwest Athletic Conference,II,WA,"www.wwu.edu/
www.wwuvikings.com"
Westfield State University,Massachusetts State Collegiate Athletic Conference,III,MA,"www.westfield.ma.edu
www.WestfieldStateOwls.com"
Westminster College (Missouri),St. Louis Intercollegiate Athletic Conference,III,MO,"www.wcmo.edu/
www.wcbluejays.com/landing/index"
Westminster College (Pennsylvania),Presidents' Athletic Conference,III,PA,"www.westminster.edu/
www.westminster.edu/athletics/"
Westminster University (Utah),Rocky Mountain Athletic Conference,II,UT,"www.westminsteru.edu
www.westminstergriffins.com"
Westmont College,Pacific West Conference,II,CA,"westmont.edu
athletics.westmont.edu"
Wheaton College (Illinois),College Conference of Illinois & Wisconsin,III,IL,"www.wheaton.edu
athletics.wheaton.edu"
Wheaton College (Massachusetts),New England Women's and Men's Athletic Conference,III,MA,"www.wheatoncollege.edu/
https://wheatoncollegelyons.com/"
Wheeling University,Mountain East Conference,II,WV,"https://wheeling.edu/
wucardinals.com/"
Whitman College,Northwest Conference,III,WA,"www.whitman.edu
https://www.whitman.edu/athletics"
Whittier College,Southern California Intercollegiate Athletic Conf.,III,CA,"www.whittier.edu
www.wcpoets.com"
Whitworth University,Northwest Conference,III,WA,"www.whitworth.edu/
www.whitworthpirates.com"
Wichita State University,American Conference,I,KS,"www.wichita.edu
www.goshockers.com"
Widener University,Middle Atlantic Conferences,III,PA,"www.widener.edu/
www.widenerpride.com"
Wilkes University,Landmark Conference,III,PA,"www.wilkes.edu
www.gowilkesu.com"
Willamette University,Northwest Conference,III,OR,"www.willamette.edu/
willamette.prestosports.com/landing/index"
William & Mary,Coastal Athletic Association,I-FCS,VA,"www.wm.edu
www.tribeathletics.com"
William Jewell College,Great Lakes Valley Conference,II,MO,"www.jewell.edu
www.jewellcardinals.com"
William Paterson University of New Jersey,New Jersey Athletic Conference,III,NJ,"www.wpunj.edu
www.wpupioneers.com"
William Peace University,USA South Athletic Conference,III,NC,"www.peace.edu/
www.gopeacepacers.com"
Williams College,New England Small College Athletic Conference,III,MA,"www.williams.edu/
ephsports.williams.edu/"
Wilmington College (Ohio),Ohio Athletic Conference,III,OH,"www.wilmington.edu/
www.wilmington.edu/athletics"
Wilmington University (Delaware),Central Atlantic Collegiate Conference,II,DE,"www.wilmu.edu/index.aspx
athletics.wilmu.edu/landing/index"
Wilson College,United East Conference,III,PA,"www.wilson.edu
www.wilsonphoenix.com"
Wingate University,South Atlantic Conference,II,NC,"wingate.edu
wingatebulldogs.com"
Winona State University,Northern Sun Intercollegiate Conference,II,MN,"www.winona.edu/
www.winonastatewarriors.com"
Winston-Salem State University,Central Intercollegiate Athletic Association,II,NC,"www.wssu.edu
wssurams.com"
Winthrop University,Big South Conference,I,SC,"www.winthrop.edu/
www.winthropeagles.com"
Wisconsin Lutheran College,Northern Athletics Collegiate Conference,III,WI,"www.wlc.edu
www.wlcsports.com/landing/index"
Wittenberg University,North Coast Athletic Conference,III,OH,"www.wittenberg.edu
www.wittenbergtigers.com"
Wofford College,Southern Conference,I-FCS,SC,"www.wofford.edu/
www.wofford.edu/athletics"
Worcester Polytechnic Institute,New England Women's and Men's Athletic Conference,III,MA,"www.wpi.edu/
athletics.wpi.edu"
Worcester State University,Massachusetts State Collegiate Athletic Conference,III,MA,"www.worcester.edu/
www.wsulancers.com"
Wright State University,Horizon League,I,OH,"www.wright.edu
www.wsuraiders.com"
Xavier University,BIG EAST Conference,I,OH,"www.xavier.edu
www.goxavier.com"
Yale University,The Ivy League,I-FCS,CT,"www.yale.edu
www.yalebulldogs.com"
Yeshiva University,Skyline Conference,III,NY,"www.yu.edu/
www.yumacs.com"
York College (New York),City University of New York Athletic Conference,III,NY,"www.york.cuny.edu
www.yorkathletics.com"
York College (Pennsylvania),Middle Atlantic Conferences,III,PA,"www.ycp.edu
www.ycpspartans.com"
Young Harris College,Conference Carolinas,II,GA,"www.yhc.edu
www.yhcathletics.com"
Youngstown State University,Horizon League,I-FCS,OH,"www.ysu.edu
www.ysusports.com"